"wd_id","status","variable","value_old","value_new"
"Q419","NEWvalue","NAME_AR","","Ø¨ÙŠØ±Ùˆ"
"Q419","NEWvalue","NAME_BN","","à¦ªà§‡à¦°à§"
"Q419","NEWvalue","NAME_DE","","Peru"
"Q419","NEWvalue","NAME_EN","","Peru"
"Q419","NEWvalue","NAME_ES","","PerÃº"
"Q419","NEWvalue","NAME_FR","","PÃ©rou"
"Q419","NEWvalue","NAME_EL","","Î ÎµÏÎ¿Ï"
"Q419","NEWvalue","NAME_HI","","à¤ªà¥‡à¤°à¥‚"
"Q419","NEWvalue","NAME_HU","","Peru"
"Q419","NEWvalue","NAME_ID","","Peru"
"Q419","NEWvalue","NAME_IT","","PerÃ¹"
"Q419","NEWvalue","NAME_JA","","ãƒšãƒ«ãƒ¼"
"Q419","NEWvalue","NAME_KO","","í˜ë£¨"
"Q419","NEWvalue","NAME_NL","","Peru"
"Q419","NEWvalue","NAME_PL","","Peru"
"Q419","NEWvalue","NAME_PT","","Peru"
"Q419","NEWvalue","NAME_RU","","ĞŸĞµÑ€Ñƒ"
"Q419","NEWvalue","NAME_SV","","Peru"
"Q419","NEWvalue","NAME_TR","","Peru"
"Q419","NEWvalue","NAME_VI","","Peru"
"Q419","NEWvalue","NAME_ZH","","ç§˜é²"
"Q9206745","NEWvalue","NAME_HU","","DekÃ©lia"
"Q39760","MODvalue","NAME_FR","Bande de Gaza","bande de Gaza"
"Q485112","NEWvalue","NAME_AR","","Ø£Ø±Ø¶ Ø§Ù„Ø¨Ù†Ø·"
"Q485112","NEWvalue","NAME_DE","","Puntland"
"Q485112","NEWvalue","NAME_EN","","Puntland"
"Q485112","NEWvalue","NAME_ES","","Puntlandia"
"Q485112","NEWvalue","NAME_FR","","Pount"
"Q485112","NEWvalue","NAME_EL","","Î Î¿ÏÎ½Ï„Î»Î±Î½Ï„"
"Q485112","NEWvalue","NAME_HU","","PuntfÃ¶ld"
"Q485112","NEWvalue","NAME_ID","","Puntland"
"Q485112","NEWvalue","NAME_IT","","Puntland"
"Q485112","NEWvalue","NAME_JA","","ãƒ—ãƒ³ãƒˆãƒ©ãƒ³ãƒ‰"
"Q485112","NEWvalue","NAME_KO","","í‘¼í‹€ë€ë“œ"
"Q485112","NEWvalue","NAME_NL","","Puntland"
"Q485112","NEWvalue","NAME_PL","","Puntland"
"Q485112","NEWvalue","NAME_PT","","PuntlÃ¢ndia"
"Q485112","NEWvalue","NAME_RU","","ĞŸÑƒĞ½Ñ‚Ğ»ĞµĞ½Ğ´"
"Q485112","NEWvalue","NAME_SV","","Puntland"
"Q485112","NEWvalue","NAME_TR","","Puntland"
"Q485112","NEWvalue","NAME_VI","","Puntland"
"Q485112","NEWvalue","NAME_ZH","","é‚¦ç‰¹å…°"
"Q1428532","NEWvalue","NAME_AR","","Ù‚ÙˆØ© Ø§Ù„Ø£Ù…Ù… Ø§Ù„Ù…ØªØ­Ø¯Ø© Ù„Ù…Ø±Ø§Ù‚Ø¨Ø© ÙØ¶ Ø§Ù„Ø§Ø´ØªØ¨Ø§Ùƒ"
"Q1428532","NEWvalue","NAME_DE","","United Nations Disengagement Observer Force"
"Q1428532","NEWvalue","NAME_EN","","United Nations Disengagement Observer Force Zone"
"Q1428532","NEWvalue","NAME_ES","","Fuerza de las Naciones Unidas de ObservaciÃ³n de la SeparaciÃ³n"
"Q1428532","NEWvalue","NAME_FR","","Force des Nations unies chargÃ©e dâ€™observer le dÃ©gagement"
"Q1428532","NEWvalue","NAME_IT","","UNDOF"
"Q1428532","NEWvalue","NAME_JA","","å›½éš›é€£åˆå…µåŠ›å¼•ãé›¢ã—ç›£è¦–è»"
"Q1428532","NEWvalue","NAME_NL","","UNDOF"
"Q1428532","NEWvalue","NAME_PL","","UNDOF"
"Q1428532","NEWvalue","NAME_PT","","UNDOF"
"Q1428532","NEWvalue","NAME_RU","","Ğ—Ğ¾Ğ½Ğ° Ğ¡Ğ¸Ğ» ĞĞĞ Ğ¿Ğ¾ Ğ½Ğ°Ğ±Ğ»ÑĞ´ĞµĞ½Ğ¸Ñ Ğ·Ğ° Ñ€Ğ°Ğ·ÑŠĞµĞ´Ğ¸Ğ½ĞµĞ½Ğ¸ĞµĞ¼"
"Q1428532","NEWvalue","NAME_ZH","","è¯åˆåœ‹è„«é›¢æ¥è§¸è§€å¯Ÿå“¡éƒ¨éšŠ"
"Q331990","NEWvalue","NAME_AR","","Ù…Ù†Ø·Ù‚Ø© ÙƒÙˆØ±ÙŠØ© Ù…Ù†Ø²ÙˆØ¹Ø© Ø§Ù„Ø³Ù„Ø§Ø­"
"Q331990","NEWvalue","NAME_BN","","à¦•à§‹à¦°à§€à¦¯à¦¼ à¦…à¦¸à¦¾à¦®à¦°à¦¿à¦•à§€à¦•à§ƒà¦¤ à¦…à¦à§à¦šà¦²"
"Q331990","NEWvalue","NAME_DE","","Demilitarisierte Zone"
"Q331990","NEWvalue","NAME_EN","","Korean Demilitarized Zone"
"Q331990","NEWvalue","NAME_ES","","Zona desmilitarizada de Corea"
"Q331990","NEWvalue","NAME_FR","","Zone corÃ©enne dÃ©militarisÃ©e"
"Q331990","NEWvalue","NAME_HU","","Koreai demilitarizÃ¡lt Ã¶vezet"
"Q331990","NEWvalue","NAME_ID","","Zona Demiliterisasi Korea"
"Q331990","NEWvalue","NAME_IT","","Zona demilitarizzata coreana"
"Q331990","NEWvalue","NAME_JA","","è»äº‹å¢ƒç•Œç·š"
"Q331990","NEWvalue","NAME_KO","","í•œë°˜ë„ ë¹„ë¬´ì¥ ì§€ëŒ€"
"Q331990","NEWvalue","NAME_NL","","DMZ Korea"
"Q331990","NEWvalue","NAME_PL","","KoreaÅ„ska Strefa Zdemilitaryzowana"
"Q331990","NEWvalue","NAME_PT","","Zona Desmilitarizada da Coreia"
"Q331990","NEWvalue","NAME_RU","","Ğ”ĞµĞ¼Ğ¸Ğ»Ğ¸Ñ‚Ğ°Ñ€Ğ¸Ğ·Ğ¾Ğ²Ğ°Ğ½Ğ½Ğ°Ñ Ğ·Ğ¾Ğ½Ğ°"
"Q331990","NEWvalue","NAME_SV","","Koreas demilitariserade zon"
"Q331990","NEWvalue","NAME_TR","","Kore TarafsÄ±z BÃ¶lgesi"
"Q331990","NEWvalue","NAME_VI","","Khu phi quÃ¢n sá»± Triá»u TiÃªn"
"Q331990","NEWvalue","NAME_ZH","","æœéŸ©éå†›äº‹åŒº"
"Q331990","NEWvalue","NAME_AR","","Ù…Ù†Ø·Ù‚Ø© ÙƒÙˆØ±ÙŠØ© Ù…Ù†Ø²ÙˆØ¹Ø© Ø§Ù„Ø³Ù„Ø§Ø­"
"Q331990","NEWvalue","NAME_BN","","à¦•à§‹à¦°à§€à¦¯à¦¼ à¦…à¦¸à¦¾à¦®à¦°à¦¿à¦•à§€à¦•à§ƒà¦¤ à¦…à¦à§à¦šà¦²"
"Q331990","NEWvalue","NAME_DE","","Demilitarisierte Zone"
"Q331990","NEWvalue","NAME_EN","","Korean Demilitarized Zone"
"Q331990","NEWvalue","NAME_ES","","Zona desmilitarizada de Corea"
"Q331990","NEWvalue","NAME_FR","","Zone corÃ©enne dÃ©militarisÃ©e"
"Q331990","NEWvalue","NAME_HU","","Koreai demilitarizÃ¡lt Ã¶vezet"
"Q331990","NEWvalue","NAME_ID","","Zona Demiliterisasi Korea"
"Q331990","NEWvalue","NAME_IT","","Zona demilitarizzata coreana"
"Q331990","NEWvalue","NAME_JA","","è»äº‹å¢ƒç•Œç·š"
"Q331990","NEWvalue","NAME_KO","","í•œë°˜ë„ ë¹„ë¬´ì¥ ì§€ëŒ€"
"Q331990","NEWvalue","NAME_NL","","DMZ Korea"
"Q331990","NEWvalue","NAME_PL","","KoreaÅ„ska Strefa Zdemilitaryzowana"
"Q331990","NEWvalue","NAME_PT","","Zona Desmilitarizada da Coreia"
"Q331990","NEWvalue","NAME_RU","","Ğ”ĞµĞ¼Ğ¸Ğ»Ğ¸Ñ‚Ğ°Ñ€Ğ¸Ğ·Ğ¾Ğ²Ğ°Ğ½Ğ½Ğ°Ñ Ğ·Ğ¾Ğ½Ğ°"
"Q331990","NEWvalue","NAME_SV","","Koreas demilitariserade zon"
"Q331990","NEWvalue","NAME_TR","","Kore TarafsÄ±z BÃ¶lgesi"
"Q331990","NEWvalue","NAME_VI","","Khu phi quÃ¢n sá»± Triá»u TiÃªn"
"Q331990","NEWvalue","NAME_ZH","","æœéŸ©éå†›äº‹åŒº"
"Q184","MODvalue","NAME_RU","Ğ ĞµÑĞ¿ÑƒĞ±Ğ»Ğ¸ĞºĞ° Ğ‘ĞµĞ»Ğ°Ñ€ÑƒÑÑŒ","Ğ‘ĞµĞ»Ğ¾Ñ€ÑƒÑÑĞ¸Ñ"
"Q184","MODvalue","NAME_ZH","ç™½ä¿„ç½—æ–¯","ç™½ç½—æ–¯"
"Q881","MODvalue","NAME_HU","Vietnam","VietnÃ¡m"
"Q1246","MODvalue","NAME_EL","ÎšÏŒÏƒÎ¿Î²Î¿","ÎšÎ¿ÏƒÏƒÏ…Ï†Î¿Ï€Î­Î´Î¹Î¿"
"Q5823","NEWvalue","NAME_AR","","Ø³Ø¨ØªØ©"
"Q5823","NEWvalue","NAME_BN","","à¦¸à¦¿à¦‰à¦šà¦¾"
"Q5823","NEWvalue","NAME_DE","","Ceuta"
"Q5823","NEWvalue","NAME_EN","","Ceuta"
"Q5823","NEWvalue","NAME_ES","","Ceuta"
"Q5823","NEWvalue","NAME_FR","","Ceuta"
"Q5823","NEWvalue","NAME_EL","","Î˜Î­Î¿Ï…Ï„Î±"
"Q5823","NEWvalue","NAME_HI","","à¤¸à¥‡à¤‰à¤Ÿà¤¾"
"Q5823","NEWvalue","NAME_HU","","Ceuta"
"Q5823","NEWvalue","NAME_ID","","Ceuta"
"Q5823","NEWvalue","NAME_IT","","Ceuta"
"Q5823","NEWvalue","NAME_JA","","ã‚»ã‚¦ã‚¿"
"Q5823","NEWvalue","NAME_KO","","ì„¸ìš°íƒ€"
"Q5823","NEWvalue","NAME_NL","","Ceuta"
"Q5823","NEWvalue","NAME_PL","","Ceuta"
"Q5823","NEWvalue","NAME_PT","","Ceuta"
"Q5823","NEWvalue","NAME_RU","","Ğ¡ĞµÑƒÑ‚Ğ°"
"Q5823","NEWvalue","NAME_SV","","Ceuta"
"Q5823","NEWvalue","NAME_TR","","Ceuta"
"Q5823","NEWvalue","NAME_VI","","Ceuta"
"Q5823","NEWvalue","NAME_ZH","","ä¼‘è¾¾"
"Q977","MODvalue","NAME_PT","Jibuti","Djibouti"
"Q986","MODvalue","NAME_AR","Ø¥Ø±ÙŠØªØ±ÙŠØ§","Ø¥Ø±ØªØ±ÙŠØ§"
"Q205047","NEWvalue","NAME_AR","","ÙƒØ±Ø¯Ø³ØªØ§Ù† Ø§Ù„Ø¹Ø±Ø§Ù‚"
"Q205047","NEWvalue","NAME_BN","","à¦‡à¦°à¦¾à¦•à¦¿ à¦•à§à¦°à§à¦¦à¦¿à¦¸à§à¦¤à¦¾à¦¨"
"Q205047","NEWvalue","NAME_DE","","Autonome Region Kurdistan"
"Q205047","NEWvalue","NAME_EN","","Iraqi Kurdistan"
"Q205047","NEWvalue","NAME_ES","","KurdistÃ¡n iraquÃ­"
"Q205047","NEWvalue","NAME_FR","","Kurdistan irakien"
"Q205047","NEWvalue","NAME_EL","","Î™ÏÎ±ÎºÎ¹Î½ÏŒ ÎšÎ¿Ï…ÏÎ´Î¹ÏƒÏ„Î¬Î½"
"Q205047","NEWvalue","NAME_HI","","à¤‡à¤°à¤¾à¤•à¥€ à¤•à¥à¤°à¥à¤¦à¤¿à¤¸à¥à¤¤à¤¾à¤¨"
"Q205047","NEWvalue","NAME_HU","","Iraki KurdisztÃ¡n"
"Q205047","NEWvalue","NAME_ID","","Kurdistan Irak"
"Q205047","NEWvalue","NAME_IT","","Kurdistan iracheno"
"Q205047","NEWvalue","NAME_JA","","ã‚¯ãƒ«ãƒ‡ã‚£ã‚¹ã‚¿ãƒ³åœ°åŸŸ"
"Q205047","NEWvalue","NAME_KO","","ì¿ ë¥´ë“œ ìì¹˜êµ¬"
"Q205047","NEWvalue","NAME_NL","","Koerdische Autonome Regio"
"Q205047","NEWvalue","NAME_PL","","Kurdystan"
"Q205047","NEWvalue","NAME_PT","","CurdistÃ£o iraquiano"
"Q205047","NEWvalue","NAME_RU","","Ğ˜Ñ€Ğ°ĞºÑĞºĞ¸Ğ¹ ĞšÑƒÑ€Ğ´Ğ¸ÑÑ‚Ğ°Ğ½"
"Q205047","NEWvalue","NAME_SV","","Irakiska Kurdistan"
"Q205047","NEWvalue","NAME_TR","","KÃ¼rdistan BÃ¶lgesel YÃ¶netimi"
"Q205047","NEWvalue","NAME_VI","","Kurdistan thuá»™c Iraq"
"Q205047","NEWvalue","NAME_ZH","","ä¼Šæ‹‰å…‹åº«å¾·æ–¯å¦"
"Q44749","NEWvalue","NAME_AR","","ÙÙˆÙŠÙÙˆØ¯ÙŠÙ†Ø§"
"Q44749","NEWvalue","NAME_DE","","Vojvodina"
"Q44749","NEWvalue","NAME_EN","","Vojvodina"
"Q44749","NEWvalue","NAME_ES","","Voivodina"
"Q44749","NEWvalue","NAME_FR","","VoÃ¯vodine"
"Q44749","NEWvalue","NAME_EL","","Î’Î¿ÏŠÎ²Î¿Î½Ï„Î¯Î½Î±"
"Q44749","NEWvalue","NAME_HU","","VajdasÃ¡g AutonÃ³m TartomÃ¡ny"
"Q44749","NEWvalue","NAME_ID","","Vojvodina"
"Q44749","NEWvalue","NAME_IT","","Voivodina"
"Q44749","NEWvalue","NAME_JA","","ãƒ´ã‚©ã‚¤ãƒ´ã‚©ãƒ‡ã‚£ãƒŠ"
"Q44749","NEWvalue","NAME_KO","","ë³´ì´ë³´ë””ë‚˜"
"Q44749","NEWvalue","NAME_NL","","Vojvodina"
"Q44749","NEWvalue","NAME_PL","","Wojwodina"
"Q44749","NEWvalue","NAME_PT","","Voivodina"
"Q44749","NEWvalue","NAME_RU","","Ğ’Ğ¾ĞµĞ²Ğ¾Ğ´Ğ¸Ğ½Ğ°"
"Q44749","NEWvalue","NAME_SV","","Vojvodina"
"Q44749","NEWvalue","NAME_TR","","Voyvodina"
"Q44749","NEWvalue","NAME_VI","","Vojvodina"
"Q44749","NEWvalue","NAME_ZH","","ä¼ä¼Šä¼ä¸é‚£"
"Q5831","NEWvalue","NAME_AR","","Ù…Ù„ÙŠÙ„ÙŠØ©"
"Q5831","NEWvalue","NAME_BN","","à¦®à§‡à¦²à¦¿à¦²à¦¾"
"Q5831","NEWvalue","NAME_DE","","Melilla"
"Q5831","NEWvalue","NAME_EN","","Melilla"
"Q5831","NEWvalue","NAME_ES","","Melilla"
"Q5831","NEWvalue","NAME_FR","","Melilla"
"Q5831","NEWvalue","NAME_EL","","ÎœÎµÎ»Î¯Î³Î¹Î±"
"Q5831","NEWvalue","NAME_HI","","à¤®à¥‡à¤²à¤¿à¤²à¤¾"
"Q5831","NEWvalue","NAME_HU","","Melilla"
"Q5831","NEWvalue","NAME_ID","","Melilla"
"Q5831","NEWvalue","NAME_IT","","Melilla"
"Q5831","NEWvalue","NAME_JA","","ãƒ¡ãƒªãƒªãƒ£"
"Q5831","NEWvalue","NAME_KO","","ë©œë¦¬ì•¼"
"Q5831","NEWvalue","NAME_NL","","Melilla"
"Q5831","NEWvalue","NAME_PL","","Melilla"
"Q5831","NEWvalue","NAME_PT","","Melilla"
"Q5831","NEWvalue","NAME_RU","","ĞœĞµĞ»Ğ¸Ğ»ÑŒÑ"
"Q5831","NEWvalue","NAME_SV","","Melilla"
"Q5831","NEWvalue","NAME_TR","","Melilla"
"Q5831","NEWvalue","NAME_VI","","Melilla"
"Q5831","NEWvalue","NAME_ZH","","æ¢…åˆ©åˆ©äºš"
"Q17986767","NEWvalue","NAME_DE","","Pante Makassar"
"Q17986767","NEWvalue","NAME_EN","","Pante Makassar Subdistrict"
"Q17986767","NEWvalue","NAME_ZH","","æ½˜ç‰¹é©¬å¡è¨å¿"
"Q1050","MODvalue","NAME_ES","Suazilandia","eSwatini"
"Q1050","MODvalue","NAME_PT","SuazilÃ¢ndia","eSwatini"
"Q11198","MODvalue","NAME_EL","ÎŸÎ¼Î¿ÏƒÏ€Î¿Î½Î´Î¯Î± Î’Î¿ÏƒÎ½Î¯Î±Ï‚-Î•ÏÎ¶ÎµÎ³Î¿Î²Î¯Î½Î·Ï‚","ÎŸÎ¼Î¿ÏƒÏ€Î¿Î½Î´Î¯Î± Ï„Î·Ï‚ Î’Î¿ÏƒÎ½Î¯Î±Ï‚ ÎºÎ±Î¹ Î•ÏÎ¶ÎµÎ³Î¿Î²Î¯Î½Î·Ï‚"
"Q11196","MODvalue","NAME_EL","Î£ÎµÏÎ²Î¹ÎºÎ® Î”Î·Î¼Î¿ÎºÏÎ±Ï„Î¯Î±","Î£ÎµÏÎ²Î¹ÎºÎ® Î”Î·Î¼Î¿ÎºÏÎ±Ï„Î¯Î± Ï„Î·Ï‚ Î’Î¿ÏƒÎ½Î¯Î±Ï‚"
"Q736","MODvalue","NAME_EL","Î™ÏƒÎ·Î¼ÎµÏÎ¹Î½ÏŒÏ‚","Î•ÎºÎ¿Ï…Î±Î´ÏŒÏ"
"Q733","MODvalue","NAME_EN","Paraguay","Brazil ğŸ‡§ğŸ‡·"
"Q194483","NEWvalue","NAME_AR","","Ù…Ù‚Ø§Ø·Ø¹Ø© Ø¨Ø±ØªØ´Ùˆ"
"Q194483","NEWvalue","NAME_BN","","à¦¬à¦¾à¦•à§à¦•à§ à¦œà§‡à¦²à¦¾"
"Q194483","NEWvalue","NAME_DE","","Distrikt BrÄko"
"Q194483","NEWvalue","NAME_EN","","BrÄko District"
"Q194483","NEWvalue","NAME_ES","","Distrito de BrÄko"
"Q194483","NEWvalue","NAME_FR","","District de BrÄko"
"Q194483","NEWvalue","NAME_EL","","Î”Î¹Î±Î¼Î­ÏÎ¹ÏƒÎ¼Î± Ï„Î¿Ï… ÎœÏ€ÏÏ„ÏƒÎºÎ¿"
"Q194483","NEWvalue","NAME_HI","","à¤¬à¥à¤°à¤¾à¤•à¥‹ à¤œà¤¿à¤²à¤¾"
"Q194483","NEWvalue","NAME_HU","","BrÄkÃ³i KÃ¶rzet"
"Q194483","NEWvalue","NAME_ID","","Distrik BrÄko"
"Q194483","NEWvalue","NAME_IT","","Distretto di BrÄko"
"Q194483","NEWvalue","NAME_JA","","ãƒ–ãƒ«ãƒã‚³è¡Œæ”¿åŒº"
"Q194483","NEWvalue","NAME_KO","","ë¸Œë¥´ì¹˜ì½” í–‰ì •êµ¬"
"Q194483","NEWvalue","NAME_NL","","BrÄko"
"Q194483","NEWvalue","NAME_PL","","Dystrykt Brczko"
"Q194483","NEWvalue","NAME_PT","","Distrito de BrÄko"
"Q194483","NEWvalue","NAME_RU","","ĞĞºÑ€ÑƒĞ³ Ğ‘Ñ€Ñ‡ĞºĞ¾"
"Q194483","NEWvalue","NAME_SV","","BrÄko"
"Q194483","NEWvalue","NAME_TR","","BrÃ§ko BÃ¶lgesi"
"Q194483","NEWvalue","NAME_VI","","Quáº­n BrÄko"
"Q194483","NEWvalue","NAME_ZH","","å¸ƒçˆ¾å¥‡ç§‘ç‰¹å€"
"Q217","MODvalue","NAME_DE","Moldawien","Republik Moldau"
"Q30","MODvalue","NAME_AR","Ø§Ù„ÙˆÙ„Ø§ÙŠØ§Øª Ø§Ù„Ù…ØªØ­Ø¯Ø© Ø§Ù„Ø£Ù…Ø±ÙŠÙƒÙŠØ©","Ø§Ù„ÙˆÙ„Ø§ÙŠØ§Øª Ø§Ù„Ù…ØªØ­Ø¯Ø©"
"Q845368","NEWvalue","NAME_DE","","Mbini"
"Q845368","NEWvalue","NAME_EN","","RÃ­o Muni"
"Q845368","NEWvalue","NAME_ES","","RÃ­o Muni"
"Q845368","NEWvalue","NAME_FR","","RÃ©gion continentale"
"Q845368","NEWvalue","NAME_IT","","Rio Muni"
"Q845368","NEWvalue","NAME_JA","","ãƒªã‚ªãƒ»ãƒ ãƒ‹"
"Q845368","NEWvalue","NAME_KO","","ë¦¬ì˜¤ë¬´ë‹ˆ"
"Q845368","NEWvalue","NAME_NL","","Mbini"
"Q845368","NEWvalue","NAME_PL","","Mbini"
"Q845368","NEWvalue","NAME_PT","","Rio Muni"
"Q845368","NEWvalue","NAME_RU","","Ğ Ğ¸Ğ¾-ĞœÑƒĞ½Ğ¸"
"Q845368","NEWvalue","NAME_SV","","RÃ­o Muni"
"Q845368","NEWvalue","NAME_VI","","RÃ­o Muni"
"Q845368","NEWvalue","NAME_ZH","","æœ¨å°¼æ²³åŒº"
"Q797","MODvalue","NAME_KO","ì•Œë˜ìŠ¤ì¹´ ì£¼","ì•Œë˜ìŠ¤ì¹´ì£¼"
"Q116970","NEWvalue","NAME_AR","","Ù…Ù‚Ø§Ø·Ø¹Ø© Ø§Ù„Ø£Ù…Ù… Ø§Ù„Ù…ØªØ­Ø¯Ø© Ø§Ù„Ø¹Ø§Ø²Ù„Ø© ÙÙŠ Ù‚Ø¨Ø±Øµ"
"Q116970","NEWvalue","NAME_BN","","à¦¸à¦¾à¦‡à¦ªà§à¦°à¦¾à¦¸ à¦œà¦¾à¦¤à¦¿à¦¸à¦‚à¦˜ à¦¬à¦¾à¦«à¦¾à¦° à¦œà§‹à¦¨"
"Q116970","NEWvalue","NAME_DE","","UN-Pufferzone in Zypern"
"Q116970","NEWvalue","NAME_EN","","United Nations Buffer Zone in Cyprus"
"Q116970","NEWvalue","NAME_ES","","LÃ­nea Verde"
"Q116970","NEWvalue","NAME_FR","","ligne verte"
"Q116970","NEWvalue","NAME_EL","","Î ÏÎ¬ÏƒÎ¹Î½Î· Î“ÏÎ±Î¼Î¼Î®"
"Q116970","NEWvalue","NAME_HI","","à¤¸à¤‚à¤¯à¥à¤•à¥à¤¤ à¤°à¤¾à¤·à¥à¤Ÿà¥à¤° à¤¬à¤«à¤° à¤•à¥à¤·à¥‡à¤¤à¥à¤°"
"Q116970","NEWvalue","NAME_HU","","ZÃ¶ld vonal"
"Q116970","NEWvalue","NAME_ID","","United Nations Buffer Zone di Cyprus"
"Q116970","NEWvalue","NAME_IT","","Linea Verde"
"Q116970","NEWvalue","NAME_JA","","ã‚°ãƒªãƒ¼ãƒ³ãƒ©ã‚¤ãƒ³"
"Q116970","NEWvalue","NAME_KO","","ìœ ì—” í‚¤í”„ë¡œìŠ¤ ì™„ì¶© ì§€ëŒ€"
"Q116970","NEWvalue","NAME_NL","","VN-Bufferzone"
"Q116970","NEWvalue","NAME_PL","","Zielona linia"
"Q116970","NEWvalue","NAME_PT","","Linha Verde"
"Q116970","NEWvalue","NAME_RU","","Ğ—ĞµĞ»Ñ‘Ğ½Ğ°Ñ Ğ»Ğ¸Ğ½Ğ¸Ñ"
"Q116970","NEWvalue","NAME_SV","","FN:s buffertzon pÃ¥ Cypern"
"Q116970","NEWvalue","NAME_TR","","YeÅŸil Hat"
"Q116970","NEWvalue","NAME_VI","","VÃ¹ng Ä‘á»‡m LiÃªn Hiá»‡p Quá»‘c á»Ÿ Cá»™ng hÃ²a SÃ­p"
"Q116970","NEWvalue","NAME_ZH","","è³½æ™®å‹’æ–¯è¯åˆåœ‹ç·©è¡å€"
"Q333946","NEWvalue","NAME_AR","","Ù†Ù‡Ø± Ø³ÙŠØ§ØªØ´Ù† Ø§Ù„Ø¬Ù„ÙŠØ¯ÙŠ"
"Q333946","NEWvalue","NAME_BN","","à¦¸à¦¿à¦¯à¦¼à¦¾à¦šà§‡à¦¨ à¦¹à¦¿à¦®à¦¬à¦¾à¦¹"
"Q333946","NEWvalue","NAME_DE","","Siachen-Gletscher"
"Q333946","NEWvalue","NAME_EN","","Siachen Glacier"
"Q333946","NEWvalue","NAME_ES","","Glaciar de Siachen"
"Q333946","NEWvalue","NAME_FR","","Glacier de Siachen"
"Q333946","NEWvalue","NAME_EL","","Î Î±Î³ÎµÏ„ÏÎ½Î±Ï‚ Î£Î¹Î±Ï„ÏƒÎ­Î½"
"Q333946","NEWvalue","NAME_HI","","à¤¸à¤¿à¤¯à¤¾à¤šà¥€à¤¨"
"Q333946","NEWvalue","NAME_HU","","Siachen-gleccser"
"Q333946","NEWvalue","NAME_ID","","Siachen Glacier"
"Q333946","NEWvalue","NAME_IT","","ghiacciaio Siachen"
"Q333946","NEWvalue","NAME_JA","","ã‚·ã‚¢ãƒã‚§ãƒ³æ°·æ²³"
"Q333946","NEWvalue","NAME_KO","","ì‹œì•„ì²¸ ë¹™í•˜"
"Q333946","NEWvalue","NAME_NL","","Siachengletsjer"
"Q333946","NEWvalue","NAME_PL","","Lodowiec Siachen"
"Q333946","NEWvalue","NAME_PT","","Glaciar de Siachen"
"Q333946","NEWvalue","NAME_RU","","Ğ¡Ğ¸Ğ°Ñ‡ĞµĞ½"
"Q333946","NEWvalue","NAME_SV","","Siachen GlaciÃ¤ren"
"Q333946","NEWvalue","NAME_TR","","Siachen Buzulu"
"Q333946","NEWvalue","NAME_VI","","SÃ´ng bÄƒng Siachen"
"Q333946","NEWvalue","NAME_ZH","","é”¡äºšç´å†°å·"
"Q9143535","NEWvalue","NAME_HU","","AkrotÃ­ri"
"Q756294","MODvalue","NAME_BN","à¦•à§à¦°à¦¿à¦®à¦¿à¦¯à¦¼à¦¾","à¦¸à§à¦¬à¦¾à¦¯à¦¼à¦¤à§à¦¤à¦¶à¦¾à¦¸à¦¿à¦¤ à¦ªà§à¦°à¦œà¦¾à¦¤à¦¨à§à¦¤à§à¦°à§€ à¦•à§à¦°à¦¿à¦®à¦¿à¦¯à¦¼à¦¾"
"Q240","MODvalue","NAME_FR","RÃ©gion de Bruxelles-Capitale","rÃ©gion de Bruxelles-Capitale"
"Q51","NEWvalue","NAME_AR","","Ø£Ù†ØªØ§Ø±ÙƒØªÙŠÙƒØ§"
"Q51","NEWvalue","NAME_BN","","à¦…à§à¦¯à¦¾à¦¨à§à¦Ÿà¦¾à¦°à§à¦•à¦Ÿà¦¿à¦•à¦¾"
"Q51","NEWvalue","NAME_DE","","Antarktika"
"Q51","NEWvalue","NAME_EN","","Antarctica"
"Q51","NEWvalue","NAME_ES","","AntÃ¡rtida"
"Q51","NEWvalue","NAME_FR","","Antarctique"
"Q51","NEWvalue","NAME_EL","","Î‘Î½Ï„Î±ÏÎºÏ„Î¹ÎºÎ®"
"Q51","NEWvalue","NAME_HI","","à¤…à¤‚à¤Ÿà¤¾à¤°à¥à¤•à¤Ÿà¤¿à¤•à¤¾"
"Q51","NEWvalue","NAME_HU","","Antarktika"
"Q51","NEWvalue","NAME_ID","","Antartika"
"Q51","NEWvalue","NAME_IT","","Antartide"
"Q51","NEWvalue","NAME_JA","","å—æ¥µå¤§é™¸"
"Q51","NEWvalue","NAME_KO","","ë‚¨ê·¹"
"Q51","NEWvalue","NAME_NL","","Antarctica"
"Q51","NEWvalue","NAME_PL","","Antarktyda"
"Q51","NEWvalue","NAME_PT","","AntÃ¡rtida"
"Q51","NEWvalue","NAME_RU","","ĞĞ½Ñ‚Ğ°Ñ€ĞºÑ‚Ğ¸Ğ´Ğ°"
"Q51","NEWvalue","NAME_SV","","Antarktis"
"Q51","NEWvalue","NAME_TR","","Antarktika"
"Q51","NEWvalue","NAME_VI","","ChÃ¢u Nam Cá»±c"
"Q51","NEWvalue","NAME_ZH","","å—ææ´²"
"Q223","MODvalue","NAME_AR","ØºØ±ÙŠÙ†Ù„Ø§Ù†Ø¯","Ø¬Ø±ÙŠÙ†Ù„Ø§Ù†Ø¯"
"Q46275","NEWvalue","NAME_DE","","Subantarktische Inseln Neuseelands"
"Q46275","NEWvalue","NAME_EN","","New Zealand Subantarctic Islands"
"Q46275","NEWvalue","NAME_ES","","Islas subantÃ¡rticas de Nueva Zelanda"
"Q46275","NEWvalue","NAME_FR","","Ãles sub-antarctiques de Nouvelle-ZÃ©lande"
"Q46275","NEWvalue","NAME_IT","","Isole sub-antartiche della Nuova Zelanda"
"Q46275","NEWvalue","NAME_JA","","ãƒ‹ãƒ¥ãƒ¼ã‚¸ãƒ¼ãƒ©ãƒ³ãƒ‰ã®äºœå—æ¥µè«¸å³¶"
"Q46275","NEWvalue","NAME_NL","","Nieuw-Zeelandse sub-antarctische eilanden"
"Q46275","NEWvalue","NAME_PL","","Nowozelandzkie Wyspy Subantarktyczne"
"Q46275","NEWvalue","NAME_RU","","ĞĞ¾Ğ²Ğ¾Ğ·ĞµĞ»Ğ°Ğ½Ğ´ÑĞºĞ¸Ğµ ÑÑƒĞ±Ğ°Ğ½Ñ‚Ğ°Ñ€ĞºÑ‚Ğ¸Ñ‡ĞµÑĞºĞ¸Ğµ Ğ¾ÑÑ‚Ñ€Ğ¾Ğ²Ğ°"
"Q46275","NEWvalue","NAME_SV","","Nya Zeelands subantarktiska Ã¶ar"
"Q46275","NEWvalue","NAME_VI","","CÃ¡c hÃ²n Ä‘áº£o náº±m gáº§n Nam Cá»±c cá»§a New Zealand"
"Q46275","NEWvalue","NAME_ZH","","æ–°è¥¿å…°äºšå—æç¾¤å²›"
"Q118821","NEWvalue","NAME_DE","","Sala y GÃ³mez"
"Q118821","NEWvalue","NAME_EN","","Isla Salas y GÃ³mez"
"Q118821","NEWvalue","NAME_ES","","Isla Salas y GÃ³mez"
"Q118821","NEWvalue","NAME_FR","","Ã®le Sala y GÃ³mez"
"Q118821","NEWvalue","NAME_HU","","Sala-y-GÃ³mez-sziget"
"Q118821","NEWvalue","NAME_ID","","Pulau Salas y GÃ³mez"
"Q118821","NEWvalue","NAME_IT","","Isola Sala y GÃ³mez"
"Q118821","NEWvalue","NAME_JA","","ã‚µãƒ©ãƒ»ã‚¤ãƒ»ã‚´ãƒ¡ã‚¹å³¶"
"Q118821","NEWvalue","NAME_NL","","Sala y GÃ³mez"
"Q118821","NEWvalue","NAME_PL","","Sala y GÃ³mez"
"Q118821","NEWvalue","NAME_PT","","Sala y GÃ³mez"
"Q118821","NEWvalue","NAME_RU","","Ğ¡Ğ°Ğ»Ğ°-Ğ¸-Ğ“Ğ¾Ğ¼ĞµÑ"
"Q118821","NEWvalue","NAME_SV","","Sala y GÃ³mez"
"Q118821","NEWvalue","NAME_ZH","","è–©æ‹‰æˆˆéº¥æ–¯å³¶"
"Q14452","NEWvalue","NAME_AR","","Ø¬Ø²ÙŠØ±Ø© Ø§Ù„Ù‚ÙŠØ§Ù…Ø©"
"Q14452","NEWvalue","NAME_BN","","à¦‡à¦¸à§à¦Ÿà¦¾à¦° à¦¦à§à¦¬à§€à¦ª"
"Q14452","NEWvalue","NAME_DE","","Osterinsel"
"Q14452","NEWvalue","NAME_EN","","Easter Island"
"Q14452","NEWvalue","NAME_ES","","Isla de Pascua"
"Q14452","NEWvalue","NAME_FR","","Ã®le de PÃ¢ques"
"Q14452","NEWvalue","NAME_EL","","ÎÎ·ÏƒÎ¯ Ï„Î¿Ï… Î Î¬ÏƒÏ‡Î±"
"Q14452","NEWvalue","NAME_HI","","à¤ˆà¤¸à¥à¤Ÿà¤° à¤¦à¥à¤µà¥€à¤ª"
"Q14452","NEWvalue","NAME_HU","","HÃºsvÃ©t-sziget"
"Q14452","NEWvalue","NAME_ID","","Pulau Paskah"
"Q14452","NEWvalue","NAME_IT","","Isola di Pasqua"
"Q14452","NEWvalue","NAME_JA","","ã‚¤ãƒ¼ã‚¹ã‚¿ãƒ¼å³¶"
"Q14452","NEWvalue","NAME_KO","","ì´ìŠ¤í„° ì„¬"
"Q14452","NEWvalue","NAME_NL","","Paaseiland"
"Q14452","NEWvalue","NAME_PL","","Wyspa Wielkanocna"
"Q14452","NEWvalue","NAME_PT","","Ilha de PÃ¡scoa"
"Q14452","NEWvalue","NAME_RU","","ĞÑÑ‚Ñ€Ğ¾Ğ² ĞŸĞ°ÑÑ…Ğ¸"
"Q14452","NEWvalue","NAME_SV","","PÃ¥skÃ¶n"
"Q14452","NEWvalue","NAME_TR","","Paskalya AdasÄ±"
"Q14452","NEWvalue","NAME_VI","","Äáº£o Phá»¥c Sinh"
"Q14452","NEWvalue","NAME_ZH","","å¾©æ´»ç¯€å³¶"
"Q42200","MODvalue","NAME_KO","í•˜ì´ë‚œ ì„±","í•˜ì´ë‚œì„±"
"Q865","MODvalue","NAME_DE","Republik China","Taiwan"
"Q865","MODvalue","NAME_PT","RepÃºblica da China","Taiwan"
"Q13987","NEWvalue","NAME_AR","","ÙƒÙŠÙˆØ´Ùˆ"
"Q13987","NEWvalue","NAME_BN","","à¦•à¦¿à¦‰à¦¶à§"
"Q13987","NEWvalue","NAME_DE","","KyÅ«shÅ«"
"Q13987","NEWvalue","NAME_EN","","Kyushu"
"Q13987","NEWvalue","NAME_ES","","KyÅ«shÅ«"
"Q13987","NEWvalue","NAME_FR","","KyÅ«shÅ«"
"Q13987","NEWvalue","NAME_EL","","ÎšÎ¹Î¿ÏÏƒÎ¿Ï…"
"Q13987","NEWvalue","NAME_HI","","à¤•à¥à¤¯à¥‚à¤¶à¥‚"
"Q13987","NEWvalue","NAME_HU","","KjÃºsÃº"
"Q13987","NEWvalue","NAME_ID","","Kyushu"
"Q13987","NEWvalue","NAME_IT","","KyÅ«shÅ«"
"Q13987","NEWvalue","NAME_JA","","ä¹å·"
"Q13987","NEWvalue","NAME_KO","","ê·œìŠˆ"
"Q13987","NEWvalue","NAME_NL","","Kyushu"
"Q13987","NEWvalue","NAME_PL","","Kiusiu"
"Q13987","NEWvalue","NAME_PT","","Kyushu"
"Q13987","NEWvalue","NAME_RU","","ĞšÑÑÑ"
"Q13987","NEWvalue","NAME_SV","","Kyushu"
"Q13987","NEWvalue","NAME_TR","","KyÅ«shÅ«"
"Q13987","NEWvalue","NAME_VI","","Kyushu"
"Q13987","NEWvalue","NAME_ZH","","ä¹å·"
"Q13991","NEWvalue","NAME_AR","","Ø´ÙŠÙƒÙˆÙƒÙˆ"
"Q13991","NEWvalue","NAME_BN","","à¦¶à¦¿à¦•à§‹à¦•à§"
"Q13991","NEWvalue","NAME_DE","","Shikoku"
"Q13991","NEWvalue","NAME_EN","","Shikoku"
"Q13991","NEWvalue","NAME_ES","","Shikoku"
"Q13991","NEWvalue","NAME_FR","","Shikoku"
"Q13991","NEWvalue","NAME_EL","","Î£Î¹ÎºÏŒÎºÎ¿Ï…"
"Q13991","NEWvalue","NAME_HI","","à¤¶à¤¿à¤•à¥‹à¤•à¥‚"
"Q13991","NEWvalue","NAME_HU","","Sikoku"
"Q13991","NEWvalue","NAME_ID","","Shikoku"
"Q13991","NEWvalue","NAME_IT","","Shikoku"
"Q13991","NEWvalue","NAME_JA","","å››å›½"
"Q13991","NEWvalue","NAME_KO","","ì‹œì½”ì¿ "
"Q13991","NEWvalue","NAME_NL","","Shikoku"
"Q13991","NEWvalue","NAME_PL","","Sikoku"
"Q13991","NEWvalue","NAME_PT","","Shikoku"
"Q13991","NEWvalue","NAME_RU","","Ğ¡Ğ¸ĞºĞ¾ĞºÑƒ"
"Q13991","NEWvalue","NAME_SV","","Shikoku"
"Q13991","NEWvalue","NAME_TR","","Shikoku"
"Q13991","NEWvalue","NAME_VI","","Shikoku"
"Q13991","NEWvalue","NAME_ZH","","å››åœ‹"
"Q13989","NEWvalue","NAME_AR","","Ù‡ÙˆÙ†Ø´Ùˆ"
"Q13989","NEWvalue","NAME_BN","","à¦¹à§‹à¦¨à¦¶à§"
"Q13989","NEWvalue","NAME_DE","","HonshÅ«"
"Q13989","NEWvalue","NAME_EN","","Honshu"
"Q13989","NEWvalue","NAME_ES","","HonshÅ«"
"Q13989","NEWvalue","NAME_FR","","HonshÅ«"
"Q13989","NEWvalue","NAME_EL","","Î§Î¿Î½ÏƒÎ¿Ï"
"Q13989","NEWvalue","NAME_HI","","à¤¹à¥‹à¤¨à¥à¤¶à¥‚"
"Q13989","NEWvalue","NAME_HU","","HonsÃº"
"Q13989","NEWvalue","NAME_ID","","HonshÅ«"
"Q13989","NEWvalue","NAME_IT","","HonshÅ«"
"Q13989","NEWvalue","NAME_JA","","æœ¬å·"
"Q13989","NEWvalue","NAME_KO","","í˜¼ìŠˆ"
"Q13989","NEWvalue","NAME_NL","","Honshu"
"Q13989","NEWvalue","NAME_PL","","Honsiu"
"Q13989","NEWvalue","NAME_PT","","Honshu"
"Q13989","NEWvalue","NAME_RU","","Ğ¥Ğ¾Ğ½ÑÑ"
"Q13989","NEWvalue","NAME_SV","","Honshu"
"Q13989","NEWvalue","NAME_TR","","HonshÅ«"
"Q13989","NEWvalue","NAME_VI","","Äáº£o Honshu"
"Q13989","NEWvalue","NAME_ZH","","æœ¬å·"
"Q1037393","NEWvalue","NAME_ES","","Prefectura de HokkaidÅ"
"Q1037393","MODvalue","NAME_FR","prÃ©fecture de HokkaidÅ","PrÃ©fecture de HokkaidÅ"
"Q207383","NEWvalue","NAME_DE","","SÃ¼dliche Orkneyinseln"
"Q207383","NEWvalue","NAME_EN","","South Orkney Islands"
"Q207383","NEWvalue","NAME_ES","","Islas Orcadas del Sur"
"Q207383","NEWvalue","NAME_FR","","Ãles Orcades du Sud"
"Q207383","NEWvalue","NAME_EL","","ÎÏŒÏ„Î¹ÎµÏ‚ ÎŸÏÎºÎ¬Î´ÎµÏ‚"
"Q207383","NEWvalue","NAME_ID","","Kepulauan Orkney Selatan"
"Q207383","NEWvalue","NAME_IT","","Isole Orcadi Meridionali"
"Q207383","NEWvalue","NAME_JA","","ã‚µã‚¦ã‚¹ãƒ»ã‚ªãƒ¼ã‚¯ãƒ‹ãƒ¼è«¸å³¶"
"Q207383","NEWvalue","NAME_KO","","ì‚¬ìš°ìŠ¤ì˜¤í¬ë‹ˆ ì œë„"
"Q207383","NEWvalue","NAME_NL","","Zuidelijke Orkneyeilanden"
"Q207383","NEWvalue","NAME_PL","","Orkady PoÅ‚udniowe"
"Q207383","NEWvalue","NAME_PT","","Ilhas Ã“rcades do Sul"
"Q207383","NEWvalue","NAME_RU","","Ğ®Ğ¶Ğ½Ñ‹Ğµ ĞÑ€ĞºĞ½ĞµĞ¹ÑĞºĞ¸Ğµ Ğ¾ÑÑ‚Ñ€Ğ¾Ğ²Ğ°"
"Q207383","NEWvalue","NAME_SV","","SydorkneyÃ¶arna"
"Q207383","NEWvalue","NAME_TR","","GÃ¼ney Orkney AdalarÄ±"
"Q207383","NEWvalue","NAME_ZH","","å—å¥¥å…‹å°¼ç¾¤å²›"
"Q1042","MODvalue","NAME_RU","Ğ¡ĞµĞ¹ÑˆĞµĞ»Ñ‹","Ğ¡ĞµĞ¹ÑˆĞµĞ»ÑŒÑĞºĞ¸Ğµ ĞÑÑ‚Ñ€Ğ¾Ğ²Ğ°"
"Q128323","NEWvalue","NAME_AR","","ØªØ±ÙŠÙ†ÙŠØ¯Ø§Ø¯"
"Q128323","NEWvalue","NAME_DE","","Trinidad"
"Q128323","NEWvalue","NAME_EN","","Trinidad"
"Q128323","NEWvalue","NAME_ES","","Isla Trinidad"
"Q128323","NEWvalue","NAME_FR","","TrinitÃ©"
"Q128323","NEWvalue","NAME_EL","","Î¤ÏÎ¹Î½Î¹Î½Ï„Î¬Î½Ï„"
"Q128323","NEWvalue","NAME_HI","","à¤¤à¥à¤°à¤¿à¤¨à¤¿à¤¦à¤¾à¤¦"
"Q128323","NEWvalue","NAME_HU","","Trinidad"
"Q128323","NEWvalue","NAME_ID","","Trinidad"
"Q128323","NEWvalue","NAME_IT","","Trinidad"
"Q128323","NEWvalue","NAME_JA","","ãƒˆãƒªãƒ‹ãƒ€ãƒ¼ãƒ‰å³¶"
"Q128323","NEWvalue","NAME_KO","","íŠ¸ë¦¬ë‹ˆë‹¤ë“œ ì„¬"
"Q128323","NEWvalue","NAME_NL","","Trinidad"
"Q128323","NEWvalue","NAME_PL","","Trynidad"
"Q128323","NEWvalue","NAME_PT","","Trinidad"
"Q128323","NEWvalue","NAME_RU","","Ğ¢Ñ€Ğ¸Ğ½Ğ¸Ğ´Ğ°Ğ´"
"Q128323","NEWvalue","NAME_SV","","Trinidad"
"Q128323","NEWvalue","NAME_TR","","Trinidad"
"Q128323","NEWvalue","NAME_VI","","Trinidad"
"Q128323","NEWvalue","NAME_ZH","","ç‰¹ç«‹å°¼è¾¾å²›"
"Q186233","NEWvalue","NAME_AR","","Ø¬Ø²Ø± Ø£Ù†Ø¯Ù…Ø§Ù†"
"Q186233","NEWvalue","NAME_BN","","à¦†à¦¨à§à¦¦à¦¾à¦®à¦¾à¦¨ à¦¦à§à¦¬à§€à¦ªà¦ªà§à¦à§à¦œ"
"Q186233","NEWvalue","NAME_DE","","Andamanen"
"Q186233","NEWvalue","NAME_EN","","Andaman Islands"
"Q186233","NEWvalue","NAME_ES","","Islas AndamÃ¡n"
"Q186233","NEWvalue","NAME_FR","","Ãles Andaman"
"Q186233","NEWvalue","NAME_EL","","ÎÎ®ÏƒÎ¿Î¹ Î‘Î½Ï„Î±Î¼Î¬Î½"
"Q186233","NEWvalue","NAME_HI","","à¤…à¤£à¥à¤¡à¤®à¤¾à¤¨"
"Q186233","NEWvalue","NAME_ID","","Andaman"
"Q186233","NEWvalue","NAME_IT","","Andamane"
"Q186233","NEWvalue","NAME_JA","","ã‚¢ãƒ³ãƒ€ãƒãƒ³è«¸å³¶"
"Q186233","NEWvalue","NAME_KO","","ì•ˆë‹¤ë§Œ ì œë„"
"Q186233","NEWvalue","NAME_NL","","Andamanerna"
"Q186233","NEWvalue","NAME_PL","","Andamany"
"Q186233","NEWvalue","NAME_PT","","Ilhas AndamÃ£o"
"Q186233","NEWvalue","NAME_RU","","ĞĞ½Ğ´Ğ°Ğ¼Ğ°Ğ½ÑĞºĞ¸Ğµ Ğ¾ÑÑ‚Ñ€Ğ¾Ğ²Ğ°"
"Q186233","NEWvalue","NAME_SV","","Andamanerna"
"Q186233","NEWvalue","NAME_VI","","Quáº§n Ä‘áº£o Andaman"
"Q186233","NEWvalue","NAME_ZH","","å®‰è¾¾æ›¼ç¾¤å²›"
"Q27561","NEWvalue","NAME_AR","","Ø§Ù„Ø¬Ø²Ø± Ø§Ù„ÙƒØ§Ø±ÙŠØ¨ÙŠØ© Ø§Ù„Ù‡ÙˆÙ„Ù†Ø¯ÙŠØ©"
"Q27561","NEWvalue","NAME_DE","","Karibische Niederlande"
"Q27561","NEWvalue","NAME_EN","","Caribbean Netherlands"
"Q27561","NEWvalue","NAME_ES","","Caribe NeerlandÃ©s"
"Q27561","NEWvalue","NAME_FR","","Pays-Bas caribÃ©ens"
"Q27561","NEWvalue","NAME_EL","","ÎšÎ±ÏÎ±ÏŠÎ²Î¹ÎºÎ­Ï‚ ÎšÎ¬Ï„Ï‰ Î§ÏÏÎµÏ‚"
"Q27561","NEWvalue","NAME_HU","","Karibi Hollandia"
"Q27561","NEWvalue","NAME_ID","","Kepulauan BES"
"Q27561","NEWvalue","NAME_IT","","Paesi Bassi caraibici"
"Q27561","NEWvalue","NAME_JA","","ãƒœãƒãƒ¼ãƒ«ã€ã‚·ãƒ³ãƒˆãƒ»ãƒ¦ãƒ¼ã‚¹ã‚¿ãƒ†ã‚£ã‚¦ã‚¹ãŠã‚ˆã³ã‚µãƒ"
"Q27561","NEWvalue","NAME_KO","","ì¹´ë¦¬ë¸Œ ë„¤ëœë€ë“œ"
"Q27561","NEWvalue","NAME_NL","","Caribisch Nederland"
"Q27561","NEWvalue","NAME_PL","","Niderlandy Karaibskie"
"Q27561","NEWvalue","NAME_PT","","PaÃ­ses Baixos Caribenhos"
"Q27561","NEWvalue","NAME_RU","","Ğ‘Ğ¾Ğ½ÑĞ¹Ñ€"
"Q27561","NEWvalue","NAME_SV","","Karibiska NederlÃ¤nderna"
"Q27561","NEWvalue","NAME_TR","","Karayip HollandasÄ±"
"Q27561","NEWvalue","NAME_VI","","Caribe HÃ  Lan"
"Q27561","NEWvalue","NAME_ZH","","è·è˜­åŠ å‹’æ¯”å€"
"Q760","MODvalue","NAME_IT","Santa Lucia","Saint Lucia"
"Q316390","NEWvalue","NAME_DE","","Antigua"
"Q316390","NEWvalue","NAME_EN","","Antigua"
"Q316390","NEWvalue","NAME_ES","","Isla Antigua"
"Q316390","NEWvalue","NAME_FR","","Antigua"
"Q316390","NEWvalue","NAME_EL","","Î‘Î½Ï„Î¯Î³ÎºÎ¿Ï…Î±"
"Q316390","NEWvalue","NAME_HI","","à¤à¤‚à¤Ÿà¥€à¤—à¤¾"
"Q316390","NEWvalue","NAME_HU","","Antigua"
"Q316390","NEWvalue","NAME_ID","","Antigua"
"Q316390","NEWvalue","NAME_IT","","Antigua"
"Q316390","NEWvalue","NAME_JA","","ã‚¢ãƒ³ãƒ†ã‚£ã‚°ã‚¢å³¶"
"Q316390","NEWvalue","NAME_KO","","ì•¤í‹°ê°€ ì„¬"
"Q316390","NEWvalue","NAME_NL","","Antigua"
"Q316390","NEWvalue","NAME_PL","","Antigua"
"Q316390","NEWvalue","NAME_PT","","AntÃ­gua"
"Q316390","NEWvalue","NAME_RU","","ĞĞ½Ñ‚Ğ¸Ğ³ÑƒĞ°"
"Q316390","NEWvalue","NAME_SV","","Antigua"
"Q316390","NEWvalue","NAME_VI","","Antigua"
"Q316390","NEWvalue","NAME_ZH","","å®‰åœ°å¡å³¶"
"Q5785","MODvalue","NAME_RU","ĞšĞ°Ğ¹Ğ¼Ğ°Ğ½Ğ¾Ğ²Ñ‹ Ğ¾ÑÑ‚Ñ€Ğ¾Ğ²Ğ°","Ğ¾ÑÑ‚Ñ€Ğ¾Ğ²Ğ° ĞšĞ°Ğ¹Ğ¼Ğ°Ğ½"
"Q46623","NEWvalue","NAME_DE","","Prinz-Edward-Inseln"
"Q46623","NEWvalue","NAME_EN","","Prince Edward Islands"
"Q46623","NEWvalue","NAME_ES","","Islas del PrÃ­ncipe Eduardo"
"Q46623","NEWvalue","NAME_FR","","Archipel du Prince-Ã‰douard"
"Q46623","NEWvalue","NAME_EL","","ÎÎ®ÏƒÎ¿Î¹ Î ÏÎ¯Î³ÎºÎ¹Ï€Î± Î•Î´Î¿Ï…Î¬ÏÎ´Î¿Ï…"
"Q46623","NEWvalue","NAME_HU","","Prince Edward-szigetek"
"Q46623","NEWvalue","NAME_IT","","Isole del Principe Edoardo"
"Q46623","NEWvalue","NAME_JA","","ãƒ—ãƒªãƒ³ã‚¹ãƒ»ã‚¨ãƒ‰ãƒ¯ãƒ¼ãƒ‰è«¸å³¶"
"Q46623","NEWvalue","NAME_KO","","í”„ë¦°ìŠ¤ì—ë“œì›Œë“œ ì œë„"
"Q46623","NEWvalue","NAME_NL","","Prins Edwardeilanden"
"Q46623","NEWvalue","NAME_PL","","Wyspy KsiÄ™cia Edwarda"
"Q46623","NEWvalue","NAME_PT","","Ilhas do PrÃ­ncipe Eduardo"
"Q46623","NEWvalue","NAME_RU","","ĞÑÑ‚Ñ€Ğ¾Ğ²Ğ° ĞŸÑ€Ğ¸Ğ½Ñ-Ğ­Ğ´ÑƒĞ°Ñ€Ğ´"
"Q46623","NEWvalue","NAME_SV","","Prins EdwardÃ¶arna"
"Q46623","NEWvalue","NAME_TR","","Prens Edward AdalarÄ±"
"Q46623","NEWvalue","NAME_ZH","","çˆ±å¾·åç‹å­ç¾¤å²›"
"Q1774","NEWvalue","NAME_AR","","Ø²Ù†Ø¬Ø¨Ø§Ø±"
"Q1774","NEWvalue","NAME_BN","","à¦œà¦¾à¦¨à¦œà¦¿à¦¬à¦¾à¦°"
"Q1774","NEWvalue","NAME_DE","","Sansibar"
"Q1774","NEWvalue","NAME_EN","","Zanzibar"
"Q1774","NEWvalue","NAME_ES","","ZanzÃ­bar"
"Q1774","NEWvalue","NAME_FR","","Zanzibar"
"Q1774","NEWvalue","NAME_EL","","Î–Î±Î½Î¶Î¹Î²Î¬ÏÎ·"
"Q1774","NEWvalue","NAME_HI","","à¤œà¤¼à¤¾à¤‚à¤œà¤¼à¥€à¤¬à¤¾à¤°"
"Q1774","NEWvalue","NAME_HU","","ZanzibÃ¡r"
"Q1774","NEWvalue","NAME_ID","","Zanzibar"
"Q1774","NEWvalue","NAME_IT","","Zanzibar"
"Q1774","NEWvalue","NAME_JA","","ã‚¶ãƒ³ã‚¸ãƒãƒ«"
"Q1774","NEWvalue","NAME_KO","","ì”ì§€ë°”ë¥´"
"Q1774","NEWvalue","NAME_NL","","Zanzibar"
"Q1774","NEWvalue","NAME_PL","","Zanzibar"
"Q1774","NEWvalue","NAME_PT","","Zanzibar"
"Q1774","NEWvalue","NAME_RU","","Ğ—Ğ°Ğ½Ğ·Ğ¸Ğ±Ğ°Ñ€"
"Q1774","NEWvalue","NAME_SV","","Zanzibar"
"Q1774","NEWvalue","NAME_TR","","Zanzibar"
"Q1774","NEWvalue","NAME_VI","","Zanzibar"
"Q1774","NEWvalue","NAME_ZH","","æ¡‘çµ¦å·´çˆ¾"
"Q205022","NEWvalue","NAME_AR","","Ø¨ÙŠÙˆÙƒÙˆ"
"Q205022","NEWvalue","NAME_DE","","Bioko"
"Q205022","NEWvalue","NAME_EN","","Bioko"
"Q205022","NEWvalue","NAME_ES","","Bioko"
"Q205022","NEWvalue","NAME_FR","","Bioko"
"Q205022","NEWvalue","NAME_EL","","ÎœÏ€Î¹ÏŒÎºÎ¿ ÎÎ®ÏƒÎ¿Ï‚"
"Q205022","NEWvalue","NAME_ID","","Bioko"
"Q205022","NEWvalue","NAME_IT","","Isola di Bioko"
"Q205022","NEWvalue","NAME_JA","","ãƒ“ã‚ªã‚³å³¶"
"Q205022","NEWvalue","NAME_KO","","ë¹„ì˜¤ì½” ì„¬"
"Q205022","NEWvalue","NAME_NL","","Bioko"
"Q205022","NEWvalue","NAME_PL","","Bioko"
"Q205022","NEWvalue","NAME_PT","","Bioko"
"Q205022","NEWvalue","NAME_RU","","Ğ‘Ğ¸Ğ¾ĞºĞ¾"
"Q205022","NEWvalue","NAME_SV","","Bioko"
"Q205022","NEWvalue","NAME_VI","","Bioko"
"Q205022","NEWvalue","NAME_ZH","","æ¯”å¥¥ç§‘å²›"
"Q5813","MODvalue","NAME_FR","Ã®les Canaries","Ãles Canaries"
"Q1249309","NEWvalue","NAME_EN","","Pantelleria Island"
"Q1249309","NEWvalue","NAME_FR","","Pantelleria"
"Q1249309","NEWvalue","NAME_IT","","Isola di Pantelleria"
"Q1249309","NEWvalue","NAME_JA","","ãƒ‘ãƒ³ãƒ†ãƒƒãƒ¬ãƒªãƒ¼ã‚¢å³¶"
"Q1249309","NEWvalue","NAME_NL","","Pantelleria Island"
"Q1249309","NEWvalue","NAME_PT","","Ilha de PantelÃ¡ria"
"Q3311985","NEWvalue","NAME_AR","","ØºÙŠØ±Ù†Ø²ÙŠ"
"Q3311985","NEWvalue","NAME_DE","","Guernsey"
"Q3311985","NEWvalue","NAME_EN","","Guernsey"
"Q3311985","NEWvalue","NAME_ES","","Guernsey"
"Q3311985","NEWvalue","NAME_FR","","Guernesey"
"Q3311985","NEWvalue","NAME_HU","","Guernsey"
"Q3311985","NEWvalue","NAME_ID","","Guernsey"
"Q3311985","NEWvalue","NAME_IT","","Guernsey"
"Q3311985","NEWvalue","NAME_NL","","Guernsey"
"Q3311985","NEWvalue","NAME_PL","","Guernsey"
"Q3311985","NEWvalue","NAME_PT","","Guernsey"
"Q3311985","NEWvalue","NAME_RU","","Ğ“ĞµÑ€Ğ½ÑĞ¸"
"Q3311985","NEWvalue","NAME_SV","","Guernsey"
"Q3311985","NEWvalue","NAME_TR","","Guernsey"
"Q3311985","NEWvalue","NAME_VI","","Guernsey"
"Q769680","NEWvalue","NAME_AR","","Ø¨ÙˆØ±Ù†Ù‡ÙˆÙ„Ù…"
"Q769680","NEWvalue","NAME_DE","","Bornholm"
"Q769680","NEWvalue","NAME_EN","","Bornholm"
"Q769680","NEWvalue","NAME_ES","","Bornholm"
"Q769680","NEWvalue","NAME_FR","","Bornholm"
"Q769680","NEWvalue","NAME_EL","","ÎœÏ€ÏŒÏÎ½Ï‡Î¿Î»Î¼"
"Q769680","NEWvalue","NAME_HU","","Bornholm"
"Q769680","NEWvalue","NAME_ID","","Bornholm"
"Q769680","NEWvalue","NAME_IT","","Bornholm"
"Q769680","NEWvalue","NAME_JA","","ãƒœãƒ¼ãƒ³ãƒ›ãƒ«ãƒ å³¶"
"Q769680","NEWvalue","NAME_KO","","ë³´ë¥¸í™€ë¦„ ì„¬"
"Q769680","NEWvalue","NAME_NL","","Bornholm"
"Q769680","NEWvalue","NAME_PL","","Bornholm"
"Q769680","NEWvalue","NAME_PT","","Bornholm"
"Q769680","NEWvalue","NAME_RU","","Ğ‘Ğ¾Ñ€Ğ½Ñ…Ğ¾Ğ»ÑŒĞ¼"
"Q769680","NEWvalue","NAME_SV","","Bornholm"
"Q769680","NEWvalue","NAME_TR","","Bornholm"
"Q769680","NEWvalue","NAME_VI","","Bornholm"
"Q769680","NEWvalue","NAME_ZH","","åšæ©éœå§†å³¶"
"Q22088930","NEWvalue","NAME_EN","","Naval Support Facility Diego Garcia"
"Q22088930","NEWvalue","NAME_EL","","ÎÎ±Ï…Ï„Î¹ÎºÎ® Î•Î³ÎºÎ±Ï„Î¬ÏƒÏ„Î±ÏƒÎ· Î¥Ï€Î¿ÏƒÏ„Î®ÏÎ¹Î¾Î·Ï‚ ÎÏ„Î¹Î­Î³ÎºÎ¿ Î“ÎºÎ±ÏÏƒÎ¯Î±"
"Q157286","NEWvalue","NAME_AR","","Ø¬Ø²Ø± Ù†ÙŠÙƒÙˆØ¨Ø§Ø±"
"Q157286","NEWvalue","NAME_BN","","à¦¨à¦¿à¦•à§‹à¦¬à¦° à¦¦à§à¦¬à§€à¦ªà¦ªà§à¦à§à¦œ"
"Q157286","NEWvalue","NAME_DE","","Nikobaren"
"Q157286","NEWvalue","NAME_EN","","Nicobar Islands"
"Q157286","NEWvalue","NAME_ES","","Islas Nicobar"
"Q157286","NEWvalue","NAME_FR","","Ã®les Nicobar"
"Q157286","NEWvalue","NAME_HI","","à¤¨à¤¿à¤•à¥‹à¤¬à¤¾à¤° à¤¦à¥à¤µà¥€à¤ªà¤¸à¤®à¥‚à¤¹"
"Q157286","NEWvalue","NAME_ID","","Kepulauan Nikobar"
"Q157286","NEWvalue","NAME_IT","","Nicobare"
"Q157286","NEWvalue","NAME_JA","","ãƒ‹ã‚³ãƒãƒ«è«¸å³¶"
"Q157286","NEWvalue","NAME_KO","","ë‹ˆì½”ë°”ë¥´ ì œë„"
"Q157286","NEWvalue","NAME_NL","","Nicobar Islands"
"Q157286","NEWvalue","NAME_PL","","Nikobary"
"Q157286","NEWvalue","NAME_PT","","Ilhas Nicobar"
"Q157286","NEWvalue","NAME_RU","","ĞĞ¸ĞºĞ¾Ğ±Ğ°Ñ€ÑĞºĞ¸Ğµ Ğ¾ÑÑ‚Ñ€Ğ¾Ğ²Ğ°"
"Q157286","NEWvalue","NAME_SV","","Nicobar Islands"
"Q157286","NEWvalue","NAME_VI","","Quáº§n Ä‘áº£o Nicobar"
"Q157286","NEWvalue","NAME_ZH","","å°¼ç§‘å·´ç¾¤å²›"
"Q782","MODvalue","NAME_KO","í•˜ì™€ì´ ì£¼","í•˜ì™€ì´ì£¼"
"Q10905515","NEWvalue","NAME_AR","","Ø¬Ø²Ø± Ø±ÙŠÙˆÙƒÙŠÙˆ"
"Q10905515","NEWvalue","NAME_DE","","RyÅ«kyÅ«-Inseln"
"Q10905515","NEWvalue","NAME_EN","","Ryukyu Islands"
"Q10905515","NEWvalue","NAME_ES","","Islas RyÅ«kyÅ«"
"Q10905515","NEWvalue","NAME_FR","","Ãles RyÅ«kyÅ«"
"Q10905515","NEWvalue","NAME_EL","","ÎÎ®ÏƒÎ¿Î¹ Î¡Î¯Î¿Ï… ÎšÎ¯Î¿Ï…"
"Q10905515","NEWvalue","NAME_HI","","à¤°à¤¯à¥à¤•à¥à¤¯à¥ à¤¦à¥à¤µà¥€à¤ªà¤¸à¤®à¥‚à¤¹"
"Q10905515","NEWvalue","NAME_HU","","RjÃºkjÃº-szigetek"
"Q10905515","NEWvalue","NAME_ID","","Kepulauan Ryukyu"
"Q10905515","NEWvalue","NAME_IT","","RyÅ«kyÅ«"
"Q10905515","NEWvalue","NAME_JA","","ç‰çƒè«¸å³¶"
"Q10905515","NEWvalue","NAME_KO","","ë¥˜í ì œë„"
"Q10905515","NEWvalue","NAME_NL","","Riukiu-eilanden"
"Q10905515","NEWvalue","NAME_PL","","Wyspy Riukiu"
"Q10905515","NEWvalue","NAME_PT","","RyÅ«kyÅ«"
"Q10905515","NEWvalue","NAME_RU","","Ğ ÑĞºÑ"
"Q10905515","NEWvalue","NAME_SV","","RyukyuÃ¶arna"
"Q10905515","NEWvalue","NAME_TR","","Ryukyu AdalarÄ±"
"Q10905515","NEWvalue","NAME_ZH","","ç‰çƒç¾¤å²›"
"Q1141683","NEWvalue","NAME_AR","","Ø§Ù„Ø¬Ø²Ø± Ø§Ù„Ø¨Ø±ÙƒØ§Ù†ÙŠØ©"
"Q1141683","NEWvalue","NAME_DE","","Kazan-rettÅ"
"Q1141683","NEWvalue","NAME_EN","","Volcano Islands"
"Q1141683","NEWvalue","NAME_ES","","Islas de Los Volcanes"
"Q1141683","NEWvalue","NAME_FR","","chaine des Ã®les volcaniques"
"Q1141683","NEWvalue","NAME_EL","","ÎÎ®ÏƒÎ¿Î¹ Î’Î¿Î»ÎºÎ¬Î½Î¿"
"Q1141683","NEWvalue","NAME_IT","","Isole Vulcano"
"Q1141683","NEWvalue","NAME_JA","","ç«å±±åˆ—å³¶"
"Q1141683","NEWvalue","NAME_KO","","ê°€ì” ì—´ë„"
"Q1141683","NEWvalue","NAME_NL","","Volcano Islands"
"Q1141683","NEWvalue","NAME_PL","","Kazan RettÅ"
"Q1141683","NEWvalue","NAME_PT","","Ilhas Vulcano"
"Q1141683","NEWvalue","NAME_RU","","ĞšĞ°Ğ´Ğ·Ğ°Ğ½"
"Q1141683","NEWvalue","NAME_SV","","VulkanÃ¶arna"
"Q1141683","NEWvalue","NAME_VI","","Quáº§n Ä‘áº£o Kazan"
"Q1141683","NEWvalue","NAME_ZH","","ç«å±±åˆ—å²›"
"Q243634","NEWvalue","NAME_AR","","Ø¬Ø²Ø± Ø¨ÙˆÙ†ÙŠÙ†"
"Q243634","NEWvalue","NAME_DE","","Ogasawara-guntÅ"
"Q243634","NEWvalue","NAME_EN","","Bonin Islands"
"Q243634","NEWvalue","NAME_ES","","Islas Ogasawara"
"Q243634","NEWvalue","NAME_FR","","Ã®les d'Ogasawara"
"Q243634","NEWvalue","NAME_EL","","ÎÎ®ÏƒÎ¿Î¹ ÎŸÎ³ÎºÎ±ÏƒÎ±Î²Î¬ÏÎ±"
"Q243634","NEWvalue","NAME_HU","","Ogaszavara-szigetek"
"Q243634","NEWvalue","NAME_ID","","Kepulauan Bonin"
"Q243634","NEWvalue","NAME_IT","","Isole Bonin"
"Q243634","NEWvalue","NAME_JA","","å°ç¬ åŸç¾¤å³¶"
"Q243634","NEWvalue","NAME_KO","","ì˜¤ê°€ì‚¬ì™€ë¼ ì œë„"
"Q243634","NEWvalue","NAME_NL","","Bonin-eilanden"
"Q243634","NEWvalue","NAME_PL","","Ogasawara"
"Q243634","NEWvalue","NAME_PT","","Ilhas Ogasawara"
"Q243634","NEWvalue","NAME_RU","","Ğ‘Ğ¾Ğ½Ğ¸Ğ½ÑĞºĞ¸Ğµ Ğ¾ÑÑ‚Ñ€Ğ¾Ğ²Ğ°"
"Q243634","NEWvalue","NAME_SV","","OgasawaraÃ¶arna"
"Q243634","NEWvalue","NAME_TR","","Ogasavara AdalarÄ±"
"Q243634","NEWvalue","NAME_VI","","Quáº§n Ä‘áº£o Ogasawara"
"Q243634","NEWvalue","NAME_ZH","","å°ç¬ åŸç¾¤å²›"
"Q864302","NEWvalue","NAME_AR","","Ø¬Ø²Ø± Ø¥ÙŠØ²Ùˆ"
"Q864302","NEWvalue","NAME_DE","","Izu-Inseln"
"Q864302","NEWvalue","NAME_EN","","Izu Islands"
"Q864302","NEWvalue","NAME_ES","","Islas Izu"
"Q864302","NEWvalue","NAME_FR","","Archipel d'Izu"
"Q864302","NEWvalue","NAME_EL","","ÎÎ®ÏƒÎ¿Î¹ ÎŠÎ¶Î¿Ï…"
"Q864302","NEWvalue","NAME_IT","","Isole Izu"
"Q864302","NEWvalue","NAME_JA","","ä¼Šè±†è«¸å³¶"
"Q864302","NEWvalue","NAME_KO","","ì´ì¦ˆ ì œë„"
"Q864302","NEWvalue","NAME_NL","","Izu-eilanden"
"Q864302","NEWvalue","NAME_PL","","Wyspy Izu"
"Q864302","NEWvalue","NAME_PT","","Ilhas Izu"
"Q864302","NEWvalue","NAME_RU","","Ğ˜Ğ´Ğ·Ñƒ"
"Q864302","NEWvalue","NAME_SV","","IzuÃ¶arna"
"Q864302","NEWvalue","NAME_TR","","Izu AdalarÄ±"
"Q864302","NEWvalue","NAME_VI","","Quáº§n Ä‘áº£o Izu"
"Q864302","NEWvalue","NAME_ZH","","ä¼Šè±†ç¾¤å³¶"
"Q41172","NEWvalue","NAME_DE","","Ulleungdo"
"Q41172","NEWvalue","NAME_EN","","Ulleungdo"
"Q41172","NEWvalue","NAME_ES","","Ulleungdo"
"Q41172","NEWvalue","NAME_FR","","Ulleungdo"
"Q41172","NEWvalue","NAME_ID","","Ulleungdo"
"Q41172","NEWvalue","NAME_IT","","Ulleungdo"
"Q41172","NEWvalue","NAME_JA","","é¬±é™µå³¶"
"Q41172","NEWvalue","NAME_KO","","ìš¸ë¦‰ë„"
"Q41172","NEWvalue","NAME_NL","","Ulleungdo"
"Q41172","NEWvalue","NAME_PL","","UllÅ­ng-do"
"Q41172","NEWvalue","NAME_PT","","Ulleungdo"
"Q41172","NEWvalue","NAME_RU","","Ğ£Ğ»Ğ»Ñ‹Ğ½Ğ´Ğ¾"
"Q41172","NEWvalue","NAME_SV","","Ulleung-do"
"Q41172","NEWvalue","NAME_TR","","Ulleungdo"
"Q41172","NEWvalue","NAME_VI","","Ulleungdo"
"Q41172","NEWvalue","NAME_ZH","","é¬±é™µå³¶"
"Q485315","NEWvalue","NAME_DE","","Baengnyeong-Insel"
"Q485315","NEWvalue","NAME_EN","","Baengnyeongdo"
"Q485315","NEWvalue","NAME_ES","","Baengnyeong"
"Q485315","NEWvalue","NAME_FR","","Baengnyeong"
"Q485315","NEWvalue","NAME_ID","","Baengnyeongdo"
"Q485315","NEWvalue","NAME_IT","","Isola di Baengnyeong"
"Q485315","NEWvalue","NAME_JA","","ç™½ãƒ‹ãƒ§ãƒ³å³¶"
"Q485315","NEWvalue","NAME_KO","","ë°±ë ¹ë„"
"Q485315","NEWvalue","NAME_NL","","Baengnyeongdo"
"Q485315","NEWvalue","NAME_PL","","PaengnyÅng"
"Q485315","NEWvalue","NAME_PT","","Baengnyeong"
"Q485315","NEWvalue","NAME_RU","","ĞŸÑĞ½Ğ½Ñ‘Ğ½Ğ´Ğ¾"
"Q485315","NEWvalue","NAME_SV","","BaengnyeongÃ¶n"
"Q485315","NEWvalue","NAME_VI","","Baengnyeong"
"Q485315","NEWvalue","NAME_ZH","","ç™½ç¿å²›"
"Q14056","NEWvalue","NAME_BN","","à¦‡à¦¯à¦¼à¦¾à¦¨ à¦®à¦¾à¦¯à¦¼à§‡à¦¨"
"Q46650","NEWvalue","NAME_AR","","Ø¬Ø²ÙŠØ±Ø© Ù…Ø§ÙƒÙˆØ§Ø±ÙŠ"
"Q46650","NEWvalue","NAME_DE","","Macquarieinsel"
"Q46650","NEWvalue","NAME_EN","","Macquarie Island"
"Q46650","NEWvalue","NAME_ES","","Isla Macquarie"
"Q46650","NEWvalue","NAME_FR","","Ã®le Macquarie"
"Q46650","NEWvalue","NAME_EL","","ÎÎ®ÏƒÎ¿Ï‚ ÎœÎ±ÎºÎ¿Ï…Î¬ÏÎ¹"
"Q46650","NEWvalue","NAME_HU","","Macquarie-sziget"
"Q46650","NEWvalue","NAME_ID","","Pulau Macquarie"
"Q46650","NEWvalue","NAME_IT","","Isola Macquarie"
"Q46650","NEWvalue","NAME_JA","","ãƒãƒƒã‚³ãƒ¼ãƒªãƒ¼å³¶"
"Q46650","NEWvalue","NAME_KO","","ë§¥ì¿¼ë¦¬ ì„¬"
"Q46650","NEWvalue","NAME_NL","","Macquarie-eiland"
"Q46650","NEWvalue","NAME_PL","","Macquarie"
"Q46650","NEWvalue","NAME_PT","","Ilha Macquarie"
"Q46650","NEWvalue","NAME_RU","","ĞœĞ°ĞºĞºÑƒĞ¾Ñ€Ğ¸"
"Q46650","NEWvalue","NAME_SV","","MacquarieÃ¶n"
"Q46650","NEWvalue","NAME_TR","","Macquarie AdasÄ±"
"Q46650","NEWvalue","NAME_VI","","Äáº£o Macquarie"
"Q46650","NEWvalue","NAME_ZH","","éº¦å¤¸é‡Œå²›"
"Q114935","NEWvalue","NAME_DE","","Kermadecinseln"
"Q114935","NEWvalue","NAME_EN","","Kermadec Islands"
"Q114935","NEWvalue","NAME_ES","","Islas Kermadec"
"Q114935","NEWvalue","NAME_FR","","Ãles Kermadec"
"Q114935","NEWvalue","NAME_HU","","Kermadec-szigetek"
"Q114935","NEWvalue","NAME_IT","","Isole Kermadec"
"Q114935","NEWvalue","NAME_JA","","ã‚±ãƒ«ãƒãƒ‡ã‚£ãƒƒã‚¯è«¸å³¶"
"Q114935","NEWvalue","NAME_NL","","Kermadeceilanden"
"Q114935","NEWvalue","NAME_PL","","Kermadec"
"Q114935","NEWvalue","NAME_PT","","Ilhas Kermadec"
"Q114935","NEWvalue","NAME_RU","","ĞšĞµÑ€Ğ¼Ğ°Ğ´ĞµĞº"
"Q114935","NEWvalue","NAME_SV","","KermadecÃ¶arna"
"Q114935","NEWvalue","NAME_TR","","Kermadec AdalarÄ±"
"Q114935","NEWvalue","NAME_VI","","Quáº§n Ä‘áº£o Kermadec"
"Q114935","NEWvalue","NAME_ZH","","å…‹é©¬å¾·å…‹ç¾¤å²›"
"Q26988","NEWvalue","NAME_AR","","Ø¬Ø²Ø± ÙƒÙˆÙƒ"
"Q26988","NEWvalue","NAME_BN","","à¦•à§à¦• à¦¦à§à¦¬à§€à¦ªà¦ªà§à¦à§à¦œ"
"Q26988","NEWvalue","NAME_DE","","Cookinseln"
"Q26988","NEWvalue","NAME_EN","","Cook Islands"
"Q26988","NEWvalue","NAME_ES","","Islas Cook"
"Q26988","NEWvalue","NAME_FR","","Ãles Cook"
"Q26988","NEWvalue","NAME_EL","","ÎÎ®ÏƒÎ¿Î¹ ÎšÎ¿Ï…Îº"
"Q26988","NEWvalue","NAME_HI","","à¤•à¥à¤• à¤¦à¥à¤µà¥€à¤ªà¤¸à¤®à¥‚à¤¹"
"Q26988","NEWvalue","NAME_HU","","Cook-szigetek"
"Q26988","NEWvalue","NAME_ID","","Kepulauan Cook"
"Q26988","NEWvalue","NAME_IT","","Isole Cook"
"Q26988","NEWvalue","NAME_JA","","ã‚¯ãƒƒã‚¯è«¸å³¶"
"Q26988","NEWvalue","NAME_KO","","ì¿¡ ì œë„"
"Q26988","NEWvalue","NAME_NL","","Cookeilanden"
"Q26988","NEWvalue","NAME_PL","","Wyspy Cooka"
"Q26988","NEWvalue","NAME_PT","","Ilhas Cook"
"Q26988","NEWvalue","NAME_RU","","ĞÑÑ‚Ñ€Ğ¾Ğ²Ğ° ĞšÑƒĞºĞ°"
"Q26988","NEWvalue","NAME_SV","","CookÃ¶arna"
"Q26988","NEWvalue","NAME_TR","","Cook AdalarÄ±"
"Q26988","NEWvalue","NAME_VI","","Quáº§n Ä‘áº£o Cook"
"Q26988","NEWvalue","NAME_ZH","","åº“å…‹ç¾¤å²›"
"Q685","MODvalue","NAME_FR","Salomon","Ãles Salomon"
"Q118223","NEWvalue","NAME_DE","","SÃ¼dliche Sandwichinseln"
"Q118223","NEWvalue","NAME_EN","","South Sandwich Islands"
"Q118223","NEWvalue","NAME_ES","","Islas Sandwich del Sur"
"Q118223","NEWvalue","NAME_FR","","Ãles Sandwich du Sud"
"Q118223","NEWvalue","NAME_IT","","Isole Sandwich Australi"
"Q118223","NEWvalue","NAME_NL","","South Sandwich Islands"
"Q118223","NEWvalue","NAME_PL","","Sandwich PoÅ‚udniowy"
"Q118223","NEWvalue","NAME_PT","","Ilhas Sandwich do Sul"
"Q118223","NEWvalue","NAME_RU","","Ğ®Ğ¶Ğ½Ñ‹Ğµ Ğ¡Ğ°Ğ½Ğ´Ğ²Ğ¸Ñ‡ĞµĞ²Ñ‹ Ğ¾ÑÑ‚Ñ€Ğ¾Ğ²Ğ°"
"Q118223","NEWvalue","NAME_SV","","SydsandwichÃ¶arna"
"Q118223","NEWvalue","NAME_ZH","","å—æ¡‘å¨å¥‡ç¾¤å³¶"
"Q1137202","NEWvalue","NAME_DE","","SÃ¼dgeorgien"
"Q1137202","NEWvalue","NAME_EN","","South Georgia"
"Q1137202","NEWvalue","NAME_ES","","Georgia del Sur"
"Q1137202","NEWvalue","NAME_FR","","GÃ©orgie du Sud"
"Q1137202","NEWvalue","NAME_IT","","Georgia del Sud"
"Q1137202","NEWvalue","NAME_JA","","ã‚µã‚¦ã‚¹ã‚¸ãƒ§ãƒ¼ã‚¸ã‚¢å³¶"
"Q1137202","NEWvalue","NAME_KO","","ì‚¬ìš°ìŠ¤ì¡°ì§€ì•„ ì„¬"
"Q1137202","NEWvalue","NAME_NL","","Zuid-Georgia"
"Q1137202","NEWvalue","NAME_PL","","Georgia PoÅ‚udniowa"
"Q1137202","NEWvalue","NAME_PT","","GeÃ³rgia do Sul"
"Q1137202","NEWvalue","NAME_RU","","Ğ®Ğ¶Ğ½Ğ°Ñ Ğ“ĞµĞ¾Ñ€Ğ³Ğ¸Ñ"
"Q1137202","NEWvalue","NAME_SV","","Sydgeorgien"
"Q1137202","NEWvalue","NAME_ZH","","å—å–¬æ²»äºå³¶"
"Q2860218","NEWvalue","NAME_AR","","Ø£Ø±Ø®Ø¨ÙŠÙ„ Ø³Ù‚Ø·Ø±Ù‰"
"Q2860218","NEWvalue","NAME_DE","","Sokotra"
"Q2860218","NEWvalue","NAME_EN","","Socotra Archipelago"
"Q2860218","NEWvalue","NAME_FR","","Archipel de Socotra"
"Q2860218","NEWvalue","NAME_IT","","arcipelago di Socotra"
"Q2860218","NEWvalue","NAME_NL","","Socotra-archipel"
"Q2860218","NEWvalue","NAME_PL","","Sokotra"
"Q2860218","NEWvalue","NAME_RU","","Ğ¡Ğ¾ĞºĞ¾Ñ‚Ñ€Ğ°"
"Q2860218","NEWvalue","NAME_ZH","","ç´¢ç§‘ç‰¹æ‹‰ç¾¤å²›"
"Q172216","NEWvalue","NAME_AR","","Ø¬Ø²Ø± Ø¨Ø­Ø± ÙƒÙˆØ±Ø§Ù„"
"Q172216","NEWvalue","NAME_BN","","à¦•à§‹à¦°à¦¾à¦² à¦¸à¦¾à¦—à¦° à¦¦à§à¦¬à§€à¦ªà¦ªà§à¦à§à¦œ"
"Q172216","NEWvalue","NAME_DE","","Korallenmeerinseln"
"Q172216","NEWvalue","NAME_EN","","Coral Sea Islands"
"Q172216","NEWvalue","NAME_ES","","Islas del Mar del Coral"
"Q172216","NEWvalue","NAME_FR","","Ãles de la mer de Corail"
"Q172216","NEWvalue","NAME_EL","","ÎÎ·ÏƒÎ¹Î¬ Î˜Î¬Î»Î±ÏƒÏƒÎ±Ï‚ Ï„Ï‰Î½ ÎšÎ¿ÏÎ±Î»Î¯Ï‰Î½"
"Q172216","NEWvalue","NAME_HI","","à¤•à¥‹à¤°à¤² à¤¸à¤¾à¤—à¤° à¤¦à¥à¤µà¥€à¤ª à¤¸à¤®à¥‚à¤¹"
"Q172216","NEWvalue","NAME_HU","","Korall-tengeri-szigetek"
"Q172216","NEWvalue","NAME_ID","","Kepulauan Laut Karang"
"Q172216","NEWvalue","NAME_IT","","Isole del Mar dei Coralli"
"Q172216","NEWvalue","NAME_JA","","ã‚³ãƒ¼ãƒ©ãƒ«ãƒ»ã‚·ãƒ¼è«¸å³¶"
"Q172216","NEWvalue","NAME_KO","","ì‚°í˜¸í•´ ì œë„"
"Q172216","NEWvalue","NAME_NL","","Koraalzee-eilanden"
"Q172216","NEWvalue","NAME_PL","","Wyspy Morza Koralowego"
"Q172216","NEWvalue","NAME_PT","","Ilhas do Mar de Coral"
"Q172216","NEWvalue","NAME_RU","","Ğ¢ĞµÑ€Ñ€Ğ¸Ñ‚Ğ¾Ñ€Ğ¸Ñ Ğ¾ÑÑ‚Ñ€Ğ¾Ğ²Ğ¾Ğ² ĞšĞ¾Ñ€Ğ°Ğ»Ğ»Ğ¾Ğ²Ğ¾Ğ³Ğ¾ Ğ¼Ğ¾Ñ€Ñ"
"Q172216","NEWvalue","NAME_SV","","KorallhavÃ¶arna"
"Q172216","NEWvalue","NAME_TR","","Mercan Denizi AdalarÄ±"
"Q172216","NEWvalue","NAME_VI","","Quáº§n Ä‘áº£o Biá»ƒn San hÃ´"
"Q172216","NEWvalue","NAME_ZH","","çŠç‘šæµ·ç¾¤å²›"
"Q215664","NEWvalue","NAME_HU","","Spratly-szigetek"
"Q108489","NEWvalue","NAME_AR","","Ø§Ù„Ø¬Ø²Ø± Ø§Ù„Ø¨Ù„Ø§Ø¬ÙŠØ©"
"Q108489","NEWvalue","NAME_DE","","Pelagische Inseln"
"Q108489","NEWvalue","NAME_EN","","Pelagie Islands"
"Q108489","NEWvalue","NAME_ES","","Islas Pelagias"
"Q108489","NEWvalue","NAME_FR","","Ãles PÃ©lages"
"Q108489","NEWvalue","NAME_EL","","Î ÎµÎ»Î¬Î³Î¿Ï…Ï‚ ÎÎ®ÏƒÎ¿Î¹"
"Q108489","NEWvalue","NAME_HU","","Pelagie-szigetek"
"Q108489","NEWvalue","NAME_ID","","Kepulauan Pelagie"
"Q108489","NEWvalue","NAME_IT","","Isole Pelagie"
"Q108489","NEWvalue","NAME_JA","","ãƒšãƒ©ãƒ¼ã‚¸ã‚§è«¸å³¶"
"Q108489","NEWvalue","NAME_KO","","í ë¼ì œ ì œë„"
"Q108489","NEWvalue","NAME_NL","","Pelagische Eilanden"
"Q108489","NEWvalue","NAME_PL","","Wyspy Pelagijskie"
"Q108489","NEWvalue","NAME_PT","","Ilhas PelÃ¡gias"
"Q108489","NEWvalue","NAME_RU","","ĞŸĞµĞ»Ğ°Ğ³ÑĞºĞ¸Ğµ Ğ¾ÑÑ‚Ñ€Ğ¾Ğ²Ğ°"
"Q108489","NEWvalue","NAME_SV","","Pelagiska Ã¶arna"
"Q108489","NEWvalue","NAME_ZH","","ä½©æ‹‰æ°ç¾¤å²›"
"Q3405693","NEWvalue","NAME_AR","","Ø³Ø§Ø±Ùƒ"
"Q3405693","NEWvalue","NAME_BN","","à¦¸à¦¾à¦°à§à¦•"
"Q3405693","NEWvalue","NAME_DE","","Sark"
"Q3405693","NEWvalue","NAME_EN","","Sark"
"Q3405693","NEWvalue","NAME_ES","","Sark"
"Q3405693","NEWvalue","NAME_FR","","Sercq"
"Q3405693","NEWvalue","NAME_EL","","Î£Î±ÏÎº"
"Q3405693","NEWvalue","NAME_HI","","à¤¸à¤°à¥à¤•"
"Q3405693","NEWvalue","NAME_HU","","Sark"
"Q3405693","NEWvalue","NAME_ID","","Sark"
"Q3405693","NEWvalue","NAME_IT","","Sark"
"Q3405693","NEWvalue","NAME_JA","","ã‚µãƒ¼ã‚¯å³¶"
"Q3405693","NEWvalue","NAME_KO","","ì‚¬í¬ ì„¬"
"Q3405693","NEWvalue","NAME_NL","","Sark"
"Q3405693","NEWvalue","NAME_PL","","Sark"
"Q3405693","NEWvalue","NAME_PT","","Sark"
"Q3405693","NEWvalue","NAME_RU","","Ğ¡Ğ°Ñ€Ğº"
"Q3405693","NEWvalue","NAME_SV","","Sark"
"Q3405693","NEWvalue","NAME_TR","","Sark"
"Q3405693","NEWvalue","NAME_VI","","Sark"
"Q3405693","NEWvalue","NAME_ZH","","è–©å…‹å³¶"
"Q179313","NEWvalue","NAME_AR","","Ø¢Ù„Ø¯Ø±Ù†ÙŠ"
"Q179313","NEWvalue","NAME_DE","","Alderney"
"Q179313","NEWvalue","NAME_EN","","Alderney"
"Q179313","NEWvalue","NAME_ES","","Alderney"
"Q179313","NEWvalue","NAME_FR","","Aurigny"
"Q179313","NEWvalue","NAME_EL","","Î†Î»Î½Ï„ÎµÏÎ½ÎµÏŠ"
"Q179313","NEWvalue","NAME_HU","","Alderney"
"Q179313","NEWvalue","NAME_ID","","Alderney"
"Q179313","NEWvalue","NAME_IT","","Alderney"
"Q179313","NEWvalue","NAME_JA","","ã‚ªãƒ«ãƒ€ãƒ‹ãƒ¼å³¶"
"Q179313","NEWvalue","NAME_KO","","ì˜¬ë”ë‹ˆ ì„¬"
"Q179313","NEWvalue","NAME_NL","","Alderney"
"Q179313","NEWvalue","NAME_PL","","Alderney"
"Q179313","NEWvalue","NAME_PT","","Alderney"
"Q179313","NEWvalue","NAME_RU","","ĞĞ»Ğ´ĞµÑ€Ğ½Ğ¸"
"Q179313","NEWvalue","NAME_SV","","Alderney"
"Q179313","NEWvalue","NAME_TR","","Alderney"
"Q179313","NEWvalue","NAME_VI","","Alderney"
"Q179313","NEWvalue","NAME_ZH","","å¥§çˆ¾å¾·å°¼å³¶"
"Q202780","NEWvalue","NAME_AR","","Ø¬Ø²ÙŠØ±Ø© Ø¨Ø·Ø±Ø³ Ø§Ù„Ø£ÙˆÙ„"
"Q202780","NEWvalue","NAME_BN","","à¦ªà¦¿à¦Ÿà¦¾à¦° à§§ à¦¦à§à¦¬à§€à¦ª"
"Q202780","NEWvalue","NAME_DE","","Peter-I.-Insel"
"Q202780","NEWvalue","NAME_EN","","Peter I Island"
"Q202780","NEWvalue","NAME_ES","","Isla Pedro I"
"Q202780","NEWvalue","NAME_FR","","Ã®le Pierre Ier"
"Q202780","NEWvalue","NAME_EL","","ÎÎ·ÏƒÎ¯ Ï„Î¿Ï… Î Î­Ï„ÏÎ¿Ï… Î‘Î„"
"Q202780","NEWvalue","NAME_HU","","I. PÃ©ter-sziget"
"Q202780","NEWvalue","NAME_ID","","Pulau Peter I"
"Q202780","NEWvalue","NAME_IT","","Isola Pietro I"
"Q202780","NEWvalue","NAME_JA","","ãƒ”ãƒ§ãƒ¼ãƒˆãƒ«1ä¸–å³¶"
"Q202780","NEWvalue","NAME_KO","","í˜í…Œë¥´ 1ì„¸ ì„¬"
"Q202780","NEWvalue","NAME_NL","","Peter I-eiland"
"Q202780","NEWvalue","NAME_PL","","Wyspa Piotra I"
"Q202780","NEWvalue","NAME_PT","","Ilha de Pedro I"
"Q202780","NEWvalue","NAME_RU","","ĞÑÑ‚Ñ€Ğ¾Ğ² ĞŸĞµÑ‚Ñ€Ğ° I"
"Q202780","NEWvalue","NAME_SV","","Peter I:s Ã¶"
"Q202780","NEWvalue","NAME_ZH","","å½¼å¾—ä¸€ä¸–å²›"
"Q120755","NEWvalue","NAME_AR","","Ø§Ù„Ø¬Ø²ÙŠØ±Ø© Ø§Ù„Ø¬Ù†ÙˆØ¨ÙŠØ©"
"Q120755","NEWvalue","NAME_DE","","SÃ¼dinsel"
"Q120755","NEWvalue","NAME_EN","","South Island"
"Q120755","NEWvalue","NAME_ES","","Isla Sur"
"Q120755","NEWvalue","NAME_FR","","Ã®le du Sud"
"Q120755","NEWvalue","NAME_EL","","ÎÏŒÏ„Î¹Î¿ ÎÎ·ÏƒÎ¯"
"Q120755","NEWvalue","NAME_HI","","à¤¦à¤•à¥à¤·à¤¿à¤£ à¤¦à¥à¤µà¥€à¤ª"
"Q120755","NEWvalue","NAME_HU","","DÃ©li-sziget"
"Q120755","NEWvalue","NAME_ID","","Pulau Selatan"
"Q120755","NEWvalue","NAME_IT","","Isola del Sud"
"Q120755","NEWvalue","NAME_JA","","å—å³¶"
"Q120755","NEWvalue","NAME_KO","","ë‚¨ì„¬"
"Q120755","NEWvalue","NAME_NL","","Zuidereiland"
"Q120755","NEWvalue","NAME_PL","","Wyspa PoÅ‚udniowa"
"Q120755","NEWvalue","NAME_PT","","Ilha Sul"
"Q120755","NEWvalue","NAME_RU","","Ğ®Ğ¶Ğ½Ñ‹Ğ¹ Ğ¾ÑÑ‚Ñ€Ğ¾Ğ²"
"Q120755","NEWvalue","NAME_SV","","SydÃ¶n"
"Q120755","NEWvalue","NAME_TR","","GÃ¼ney AdasÄ±"
"Q120755","NEWvalue","NAME_VI","","Äáº£o Nam"
"Q120755","NEWvalue","NAME_ZH","","å—å³¶"
"Q118863","NEWvalue","NAME_AR","","Ø§Ù„Ø¬Ø²ÙŠØ±Ø© Ø§Ù„Ø´Ù…Ø§Ù„ÙŠØ©"
"Q118863","NEWvalue","NAME_DE","","Nordinsel"
"Q118863","NEWvalue","NAME_EN","","North Island"
"Q118863","NEWvalue","NAME_ES","","Isla Norte"
"Q118863","NEWvalue","NAME_FR","","Ã®le du Nord"
"Q118863","NEWvalue","NAME_EL","","Î’ÏŒÏÎµÎ¹Î¿ ÎÎ·ÏƒÎ¯"
"Q118863","NEWvalue","NAME_HI","","à¤‰à¤¤à¥à¤¤à¤° à¤¦à¥à¤µà¥€à¤ª"
"Q118863","NEWvalue","NAME_HU","","Ã‰szaki-sziget"
"Q118863","NEWvalue","NAME_ID","","Pulau Utara"
"Q118863","NEWvalue","NAME_IT","","Isola del Nord"
"Q118863","NEWvalue","NAME_JA","","åŒ—å³¶"
"Q118863","NEWvalue","NAME_KO","","ë¶ì„¬"
"Q118863","NEWvalue","NAME_NL","","Noordereiland"
"Q118863","NEWvalue","NAME_PL","","Wyspa PÃ³Å‚nocna"
"Q118863","NEWvalue","NAME_PT","","Ilha Norte"
"Q118863","NEWvalue","NAME_RU","","Ğ¡ĞµĞ²ĞµÑ€Ğ½Ñ‹Ğ¹ Ğ¾ÑÑ‚Ñ€Ğ¾Ğ²"
"Q118863","NEWvalue","NAME_SV","","NordÃ¶n"
"Q118863","NEWvalue","NAME_TR","","Kuzey AdasÄ±"
"Q118863","NEWvalue","NAME_VI","","Äáº£o Báº¯c"
"Q118863","NEWvalue","NAME_ZH","","åŒ—å³¶"
"Q1257783","NEWvalue","NAME_AR","","Ø¶ÙØ© Ø¨Ø§Ø¬Ùˆ Ù†ÙŠÙˆÙÙˆ"
"Q1257783","NEWvalue","NAME_BN","","à¦¬à¦¾à¦œà§‹ à¦¨à§à¦¯à¦¼à§‡à¦­à§‹ à¦¤à§€à¦°"
"Q1257783","NEWvalue","NAME_DE","","Bajo-Nuevo-Bank"
"Q1257783","NEWvalue","NAME_EN","","Bajo Nuevo Bank"
"Q1257783","NEWvalue","NAME_ES","","Bajo Nuevo"
"Q1257783","NEWvalue","NAME_FR","","Banc de Bajo Nuevo"
"Q1257783","NEWvalue","NAME_EL","","ÎœÏ€Î¬Ï„Î¶Î¿ ÎÎ¿Ï…Î­Î²Î¿ ÎœÏ€Î±Î½Îº"
"Q1257783","NEWvalue","NAME_HI","","à¤¬à¤¾à¤–à¥‹ à¤¨à¥à¤¯à¥à¤à¤µà¥‹ à¤¤à¤Ÿ"
"Q1257783","NEWvalue","NAME_HU","","Petrel-szigetek"
"Q1257783","NEWvalue","NAME_ID","","Tepi Bajo Nuevo"
"Q1257783","NEWvalue","NAME_IT","","Bajo Nuevo Bank"
"Q1257783","NEWvalue","NAME_JA","","ãƒãƒ›ãƒŒã‚¨ãƒœ"
"Q1257783","NEWvalue","NAME_KO","","ë°”í˜¸ ëˆ„ì—ë³´ ë±…í¬"
"Q1257783","NEWvalue","NAME_NL","","Bajo Nuevo"
"Q1257783","NEWvalue","NAME_PL","","Bajo Nuevo"
"Q1257783","NEWvalue","NAME_PT","","Ilha Baixo Novo"
"Q1257783","NEWvalue","NAME_RU","","Ğ‘Ğ°Ñ…Ğ¾-ĞÑƒÑĞ²Ğ¾"
"Q1257783","NEWvalue","NAME_SV","","Bajo Nuevo"
"Q1257783","NEWvalue","NAME_TR","","Bajo Nuevo Bank"
"Q1257783","NEWvalue","NAME_VI","","Bajo Nuevo Bank"
"Q1257783","NEWvalue","NAME_ZH","","å·´éœåŠªåŸƒæ²ƒç¤"
"Q202023","NEWvalue","NAME_AR","","Ù‡Ø±Ù…"
"Q202023","NEWvalue","NAME_DE","","Herm"
"Q202023","NEWvalue","NAME_EN","","Herm"
"Q202023","NEWvalue","NAME_ES","","Herm"
"Q202023","NEWvalue","NAME_FR","","Herm"
"Q202023","NEWvalue","NAME_EL","","Î§ÎµÏÎ¼"
"Q202023","NEWvalue","NAME_HU","","Herm"
"Q202023","NEWvalue","NAME_IT","","Herm"
"Q202023","NEWvalue","NAME_JA","","ãƒãƒ¼ãƒ å³¶"
"Q202023","NEWvalue","NAME_KO","","í—˜ ì„¬"
"Q202023","NEWvalue","NAME_NL","","Herm"
"Q202023","NEWvalue","NAME_PL","","Herm"
"Q202023","NEWvalue","NAME_PT","","Herm"
"Q202023","NEWvalue","NAME_RU","","Ğ¥ĞµÑ€Ğ¼"
"Q202023","NEWvalue","NAME_SV","","Herm"
"Q202023","NEWvalue","NAME_TR","","Herm"
"Q202023","NEWvalue","NAME_VI","","Herm"
"Q202023","NEWvalue","NAME_ZH","","èµ«å§†å³¶"
"Q20317","NEWvalue","NAME_EL","","ÎÏ„ÏŒÎºÎ½Ï„Î¿"
"Q628716","NEWvalue","NAME_HU","","Scarborough-zÃ¡tony"
"Q628716","MODvalue","NAME_SV","Panatag","Scarboroughrevet"
